Workbook

Sheet README
A1: MIT PROJECT: AI CUSTOMER CHURN RESEARCH DATA WORKBOOK
A3: Purpose | B3: SPSS/Excel-ready coding, raw-data entry, response tracking, reliability planning, hypothesis mapping, and interview coding.
A4: Main sample target | B4: 420
A5: Pilot reliability sample | B5: 30
A6: Likert coding | B6: 1=Strongly Disagree; 2=Disagree; 3=Neutral; 4=Agree; 5=Strongly Agree
A7: H01 | B7: Pearson correlation: AIA_Mean vs PAC_Mean
A8: H02 | B8: Multiple regression: RSO_Mean predicted by AIA_Mean, PAC_Mean, MLU_Mean
A9: H03 | B9: One-way ANOVA: CRE_Mean across A8 AI-adoption maturity groups (0-4)
A10: Important | B10: H03 is perception-based unless audited churn-rate data are added. Do not claim causality from the survey alone.
A11: Missing-data default | B11: Compute a construct mean only if at least 80% of its items are answered. Confirm this rule before final analysis.
A12: Data integrity | B12: Keep an untouched raw export. Never replace missing empirical results with invented values.
A14: Recommended workflow: Pilot -> Reliability review -> Freeze instrument -> Main data collection -> Clean copy -> SPSS/Excel analysis -> Interviews -> Mixed-method integration -> Chapter Four

Sheet Codebook
A1: Variable | B1: Section | C1: Question / Label | D1: Response Type | E1: Coding / Values | F1: Construct | G1: Objective | H1: Research Question | I1: Hypothesis / Planned Analysis | J1: Include in Composite
A2: Consent | B2: A | C2: Consent to participate | D2: categorical | E2: Yes; No | F2: Eligibility/Consent | J2: No
A3: A1 | B3: A | C3: Gender (optional) | D3: categorical | E3: Male; Female; Prefer not to say; Other | F3: Demographic | J3: No
A4: A2 | B4: A | C4: Age group | D4: categorical | E4: 18-24; 25-34; 35-44; 45-54; 55 or above | F4: Demographic | J4: No
A5: A3 | B5: A | C5: Highest qualification | D5: categorical | E5: Diploma/OND/NCE; Bachelor/HND; Postgraduate Diploma; Master's; Doctorate; Other | F5: Demographic | J5: No
A6: A4 | B6: A | C6: Type of institution | D6: categorical | E6: Commercial bank; Digital bank/neobank; Merchant bank; Microfinance bank; Fintech/payment provider; Insurance/investment/other licensed financial institution | F6: Institutional profile | J6: No
A7: A5 | B7: A | C7: Current functional role | D7: categorical | E7: Digital Banking/Product; Data/Analytics/AI; IT/Technology; Customer Experience/Service; Relationship/Marketing; Risk/Compliance; Management/Strategy; Other | F7: Institutional profile | J7: No
A8: A6 | B8: A | C8: Years of professional experience | D8: categorical | E8: Less than 2; 2-5; 6-10; 11-15; 16 or more | F8: Institutional profile | J8: No
A9: A7 | B9: A | C9: Direct involvement with digital banking, AI, analytics, customer experience or retention | D9: categorical | E9: Yes; No | F9: Eligibility/Exposure | J9: No
A10: A8 | B10: A | C10: AI adoption maturity for customer analytics/retention | D10: ordinal | E10: 0=None; 1=Exploratory/pilot; 2=Limited deployment; 3=Established multi-use-case; 4=Advanced/enterprise-wide | F10: AI maturity | G10: 4 | H10: RQ4 | I10: H03 / One-way ANOVA | J10: No
A11: A9 | B11: A | C11: Institution currently uses predictive model/advanced analytics for churn risk | D11: categorical | E11: Yes; No; Do not know | F11: Institutional profile | G11: 2,4 | H11: RQ2,RQ4 | J11: No
A12: A10 | B12: A | C12: Primary work location / responding unit is within Eti-Osa LGA | D12: categorical | E12: Yes; No | F12: Eligibility | J12: No
A13: CHD1 | B13: B | C13: Frequent transaction failures increase the likelihood that customers reduce or stop using a bank. | D13: Likert 1-5 | E13: 1=SD; 2=D; 3=N; 4=A; 5=SA | F13: CHD | G13: 1 | H13: RQ1 | I13: Descriptive / Ranking | J13: Yes
A14: CHD2 | B14: B | C14: Unplanned downtime or unreliable digital channels contribute significantly to customer churn. | D14: Likert 1-5 | E14: 1=SD; 2=D; 3=N; 4=A; 5=SA | F14: CHD | G14: 1 | H14: RQ1 | I14: Descriptive / Ranking | J14: Yes
A15: CHD3 | B15: B | C15: Slow or ineffective resolution of complaints increases customers' likelihood of switching providers. | D15: Likert 1-5 | E15: 1=SD; 2=D; 3=N; 4=A; 5=SA | F15: CHD | G15: 1 | H15: RQ1 | I15: Descriptive / Ranking | J15: Yes
A16: CHD4 | B16: B | C16: High, unclear, or unexpected transaction charges contribute to customer churn. | D16: Likert 1-5 | E16: 1=SD; 2=D; 3=N; 4=A; 5=SA | F16: CHD | G16: 1 | H16: RQ1 | I16: Descriptive / Ranking | J16: Yes
A17: CHD5 | B17: B | C17: Fraud, cybersecurity incidents, or fear of financial loss reduce customers' willingness to remain with a provider. | D17: Likert 1-5 | E17: 1=SD; 2=D; 3=N; 4=A; 5=SA | F17: CHD | G17: 1 | H17: RQ1 | I17: Descriptive / Ranking | J17: Yes
A18: CHD6 | B18: B | C18: Poor usability or a difficult digital banking experience contributes to customer disengagement. | D18: Likert 1-5 | E18: 1=SD; 2=D; 3=N; 4=A; 5=SA | F18: CHD | G18: 1 | H18: RQ1 | I18: Descriptive / Ranking | J18: Yes
A19: CHD7 | B19: B | C19: Lack of relevant and personalized products or communication increases churn risk. | D19: Likert 1-5 | E19: 1=SD; 2=D; 3=N; 4=A; 5=SA | F19: CHD | G19: 1 | H19: RQ1 | I19: Descriptive / Ranking | J19: Yes
A20: CHD8 | B20: B | C20: More attractive services from fintechs, digital banks, or competing institutions increase customers' likelihood of switching. | D20: Likert 1-5 | E20: 1=SD; 2=D; 3=N; 4=A; 5=SA | F20: CHD | G20: 1 | H20: RQ1 | I20: Descriptive / Ranking | J20: Yes
A21: CHD9 | B21: B | C21: Declining trust in a financial institution is a major driver of customer churn. | D21: Likert 1-5 | E21: 1=SD; 2=D; 3=N; 4=A; 5=SA | F21: CHD | G21: 1 | H21: RQ1 | I21: Descriptive / Ranking | J21: Yes
A22: CHD10 | B22: B | C22: Repeated service problems can cause silent churn, where customers keep an account but move most activity elsewhere. | D22: Likert 1-5 | E22: 1=SD; 2=D; 3=N; 4=A; 5=SA | F22: CHD | G22: 1 | H22: RQ1 | I22: Descriptive / Ranking | J22: Yes
A23: AIA1 | B23: C | C23: My institution uses AI or advanced analytics to monitor changes in customer behaviour. | D23: Likert 1-5 | E23: 1=SD; 2=D; 3=N; 4=A; 5=SA | F23: AIA | G23: 2 | H23: RQ2 | I23: H01 Pearson; H02 Regression | J23: Yes
A24: AIA2 | B24: C | C24: Customer data from multiple digital touchpoints are integrated for churn or retention analysis. | D24: Likert 1-5 | E24: 1=SD; 2=D; 3=N; 4=A; 5=SA | F24: AIA | G24: 2 | H24: RQ2 | I24: H01 Pearson; H02 Regression | J24: Yes
... A69: IMP8 | B69: F3 | C69: Accurate churn prediction will have limited retention value if underlying service-quality problems are not corrected. | D69: Likert 1-5 | E69: 1=SD; 2=D; 3=N; 4=A; 5=SA | F69: IMP | G69: 6 | H69: RQ6 | I69: Framework synthesis | J69: Yes
A70: CHD_Mean | B70: Derived | C70: Customer Churn Determinants mean | D70: Continuous 1-5 | E70: Formula / SPSS compute | F70: Customer Churn Determinants | I70: Derived composite | J70: Derived
A71: AIA_Mean | B71: Derived | C71: AI Adoption mean | D71: Continuous 1-5 | E71: Formula / SPSS compute | F71: AI Adoption | I71: Derived composite | J71: Derived
A72: PAC_Mean | B72: Derived | C72: Predictive Analytics Capability mean | D72: Continuous 1-5 | E72: Formula / SPSS compute | F72: Predictive Analytics Capability | I72: Derived composite | J72: Derived
A73: MLU_Mean | B73: Derived | C73: ML Technique Suitability mean | D73: Continuous 1-5 | E73: Formula / SPSS compute | F73: ML Technique Suitability | I73: Derived composite | J73: Derived
A74: RSO_Mean | B74: Derived | C74: Retention Strategy Optimization mean | D74: Continuous 1-5 | E74: Formula / SPSS compute | F74: Retention Strategy Optimization | I74: Derived composite | J74: Derived
A75: CRE_Mean | B75: Derived | C75: Customer Retention Effectiveness mean | D75: Continuous 1-5 | E75: Formula / SPSS compute | F75: Customer Retention Effectiveness | I75: Derived composite | J75: Derived
A76: IMP_Mean | B76: Derived | C76: Implementation/Governance mean | D76: Continuous 1-5 | E76: Formula / SPSS compute | F76: Implementation/Governance | I76: Derived composite | J76: Derived

Sheet Raw_Data
A1: Respondent_ID | B1: Valid_Record | C1: Consent | D1: A1 | E1: A2 | F1: A3 | G1: A4 | H1: A5 | I1: A6 | J1: A7 | K1: A8 | L1: A9 | M1: A10 | N1: CHD1 | O1: CHD2 | P1: CHD3 | Q1: CHD4 | R1: CHD5 | S1: CHD6 | T1: CHD7 | U1: CHD8 | V1: CHD9 | W1: CHD10 | X1: AIA1 | Y1: AIA2 | Z1: AIA3 | AA1: AIA4 | AB1: AIA5 | AC1: AIA6 | AD1: AIA7 | AE1: AIA8 | AF1: PAC1 | AG1: PAC2 | AH1: PAC3 | AI1: PAC4 | AJ1: PAC5 | AK1: PAC6 | AL1: PAC7 | AM1: PAC8 | AN1: MLU1 | AO1: MLU2 | AP1: MLU3 | AQ1: MLU4 | AR1: MLU5 | AS1: MLU6 | AT1: MLU7 | AU1: MLU8 | AV1: MLU9 | AW1: RSO1 | AX1: RSO2 | AY1: RSO3 | AZ1: RSO4 | BA1: RSO5 | BB1: RSO6 | BC1: RSO7 | BD1: RSO8 | BE1: CRE1 | BF1: CRE2 | BG1: CRE3 | BH1: CRE4 | BI1: CRE5 | BJ1: CRE6 | BK1: IMP1 | BL1: IMP2 | BM1: IMP3 | BN1: IMP4 | BO1: IMP5 | BP1: IMP6 | BQ1: IMP7 | BR1: IMP8 | BS1: CHD_Mean | BT1: AIA_Mean | BU1: PAC_Mean | BV1: MLU_Mean | BW1: RSO_Mean | BX1: CRE_Mean | BY1: IMP_Mean
A2: P001 | B2: No | C2: Yes | D2: Male | E2: 25-34 | F2: Postgraduate Diploma | G2: Commercial bank | H2: Customer Experience/Service | I2: 6-10 | J2: Yes | K2: 2 | L2: Yes | M2: No | N2: 3 | O2: 3 | P2: 4 | Q2: 3 | R2: 3 | S2: 4 | T2: 3 | U2: 4 | V2: 4 | W2: 3 | X2: 4 | Y2: 3 | Z2: 5 | AA2: 2 | AB2: 5 | AC2: 3 | AD2: 4 | AE2: 3 | AF2: 3 | AG2: 4 | AH2: 3 | AI2: 4 | AJ2: 2 | AK2: 2 | AL2: 3 | AM2: 4 | AN2: 3 | AO2: 3 | AP2: 2 | AQ2: 3 | AR2: 2 | AS2: 3 | AT2: 3 | AU2: 3 | AV2: 3 | AW2: 5 | AX2: 4 | AY2: 5 | AZ2: 4 | BA2: 5 | BB2: 4 | BC2: 4 | BD2: 4 | BE2: 4 | BG2: 3 | BH2: 3 | BI2: 2 | BJ2: 3 | BK2: 3 | BL2: 3 | BM2: 3 | BN2: 3 | BO2: 3 | BP2: 4 | BQ2: 2 | BR2: 2 | BS2: =IF(COUNT(N2:W2)>=8,AVERAGE(N2:W2),"") | BT2: =IF(COUNT(X2:AE2)>=7,AVERAGE(X2:AE2),"") | BU2: =IF(COUNT(AF2:AM2)>=7,AVERAGE(AF2:AM2),"") | BV2: =IF(COUNT(AN2:AV2)>=8,AVERAGE(AN2:AV2),"") | BW2: =IF(COUNT(AW2:BD2)>=7,AVERAGE(AW2:BD2),"") | BX2: =IF(COUNT(BE2:BJ2)>=5,AVERAGE(BE2:BJ2),"") | BY2: =IF(COUNT(BK2:BR2)>=7,AVERAGE(BK2:BR2),"")
A3: P002 | B3: No | C3: Yes | D3: Female | E3: 18-24 | F3: Bachelor/HND | G3: Insurance/investment/other licensed financial institution | H3: Digital Banking/Product | I3: 2-5 | J3: Yes | K3: 1 | L3: No | M3: No | N3: 4 | O3: 2 | P3: 4 | Q3: 3 | R3: 4 | S3: 4 | T3: 3 | U3: 3 | V3: 4 | W3: 4 | X3: 3 | Y3: 2 | Z3: 4 | AA3: 3 | AB3: 3 | AC3: 4 | AD3: 4 | AE3: 3 | AF3: 3 | AG3: 4 | AH3: 3 | AI3: 4 | AJ3: 3 | AL3: 4 | AM3: 3 | AN3: 4 | AO3: 3 | AP3: 4 | AQ3: 2 | AR3: 3 | AS3: 2 | AT3: 3 | AU3: 3 | AV3: 3 | AW3: 3 | AX3: 3 | AY3: 4 | AZ3: 4 | BA3: 3 | BB3: 3 | BC3: 4 | BD3: 3 | BE3: 5 | BF3: 4 | BG3: 4 | BH3: 3 | BI3: 4 | BJ3: 3 | BK3: 4 | BL3: 4 | BM3: 3 | BN3: 3 | BO3: 4 | BP3: 3 | BQ3: 4 | BR3: 3 | BS3: =IF(COUNT(N3:W3)>=8,AVERAGE(N3:W3),"") | BT3: =IF(COUNT(X3:AE3)>=7,AVERAGE(X3:AE3),"") | BU3: =IF(COUNT(AF3:AM3)>=7,AVERAGE(AF3:AM3),"") | BV3: =IF(COUNT(AN3:AV3)>=8,AVERAGE(AN3:AV3),"") | BW3: =IF(COUNT(AW3:BD3)>=7,AVERAGE(AW3:BD3),"") | BX3: =IF(COUNT(BE3:BJ3)>=5,AVERAGE(BE3:BJ3),"") | BY3: =IF(COUNT(BK3:BR3)>=7,AVERAGE(BK3:BR3),"")
A4: P003 | B4: No | C4: Yes | D4: Female | E4: 55 or above | F4: Postgraduate Diploma | G4: Commercial bank | H4: Customer Experience/Service | I4: 2-5 | J4: Yes | K4: 0 | L4: No | M4: No | N4: 4 | O4: 4 | P4: 3 | Q4: 3 | R4: 3 | S4: 4 | T4: 2 | U4: 4 | V4: 5 | W4: 4 | X4: 3 | Y4: 2 | Z4: 2 | AA4: 3 | AB4: 4 | AC4: 4 | AD4: 4 | AE4: 3 | AF4: 3 | AG4: 4 | AH4: 3 | AI4: 3 | AJ4: 4 | AK4: 3 | AL4: 4 | AM4: 3 | AO4: 2 | AP4: 3 | AQ4: 4 | AR4: 4 | AS4: 3 | AT4: 3 | AU4: 3 | AV4: 4 | AW4: 4 | AX4: 3 | AY4: 3 | AZ4: 2 | BA4: 4 | BB4: 4 | BC4: 3 | BD4: 3 | BE4: 1 | BF4: 3 | BG4: 1 | BH4: 2 | BI4: 3 | BJ4: 2 | BK4: 3 | BL4: 3 | BM4: 2 | BN4: 4 | BO4: 2 | BP4: 3 | BQ4: 3 | BR4: 2 | BS4: =IF(COUNT(N4:W4)>=8,AVERAGE(N4:W4),"") | BT4: =IF(COUNT(X4:AE4)>=7,AVERAGE(X4:AE4),"") | BU4: =IF(COUNT(AF4:AM4)>=7,AVERAGE(AF4:AM4),"") | BV4: =IF(COUNT(AN4:AV4)>=8,AVERAGE(AN4:AV4),"") | BW4: =IF(COUNT(AW4:BD4)>=7,AVERAGE(AW4:BD4),"") | BX4: =IF(COUNT(BE4:BJ4)>=5,AVERAGE(BE4:BJ4),"") | BY4: =IF(COUNT(BK4:BR4)>=7,AVERAGE(BK4:BR4),"")
A5: P004 | B5: No | C5: Yes | D5: Female | E5: 45-54 | F5: Bachelor/HND | G5: Microfinance bank | H5: Management/Strategy | I5: 2-5 | J5: Yes | K5: 2 | L5: Yes | M5: No | N5: 4 | O5: 3 | P5: 5 | Q5: 4 | R5: 4 | S5: 5 | U5: 3 | V5: 4 | W5: 3 | X5: 3 | Y5: 4 | AA5: 4 | AB5: 3 | AC5: 4 | AD5: 4 | AE5: 3 | AF5: 3 | AG5: 5 | AH5: 3 | AI5: 3 | AJ5: 3 | AK5: 4 | AL5: 4 | AN5: 4 | AO5: 3 | AP5: 4 | AQ5: 3 | AR5: 5 | AS5: 4 | AT5: 4 | AU5: 4 | AV5: 4 | AW5: 4 | AX5: 3 | AY5: 4 | AZ5: 3 | BA5: 4 | BB5: 4 | BC5: 4 | BD5: 4 | BE5: 3 | BF5: 4 | BH5: 4 | BI5: 4 | BJ5: 3 | BK5: 3 | BL5: 2 | BM5: 2 | BN5: 3 | BO5: 3 | BP5: 2 | BQ5: 4 | BR5: 3 | BS5: =IF(COUNT(N5:W5)>=8,AVERAGE(N5:W5),"") | BT5: =IF(COUNT(X5:AE5)>=7,AVERAGE(X5:AE5),"") | BU5: =IF(COUNT(AF5:AM5)>=7,AVERAGE(AF5:AM5),"") | BV5: =IF(COUNT(AN5:AV5)>=8,AVERAGE(AN5:AV5),"") | BW5: =IF(COUNT(AW5:BD5)>=7,AVERAGE(AW5:BD5),"") | BX5: =IF(COUNT(BE5:BJ5)>=5,AVERAGE(BE5:BJ5),"") | BY5: =IF(COUNT(BK5:BR5)>=7,AVERAGE(BK5:BR5),"")
A6: P005 | B6: No | C6: Yes | D6: Male | E6: 55 or above | F6: Master's | G6: Commercial bank | H6: Risk/Compliance | I6: 2-5 | J6: Yes | K6: 0 | L6: No | M6: No | N6: 3 | O6: 2 | P6: 3 | Q6: 3 | R6: 3 | S6: 2 | T6: 2 | U6: 2 | V6: 2 | W6: 3 | X6: 3 | Y6: 3 | Z6: 3 | AA6: 2 | AB6: 2 | AC6: 3 | AD6: 3 | AE6: 3 | AF6: 4 | AG6: 2 | AH6: 2 | AI6: 3 | AJ6: 2 | AK6: 3 | AL6: 2 | AM6: 3 | AN6: 1 | AO6: 2 | AP6: 1 | AQ6: 1 | AR6: 1 | AS6: 1 | AT6: 1 | AU6: 3 | AV6: 2 | AW6: 3 | AX6: 1 | AY6: 2 | AZ6: 2 | BA6: 2 | BB6: 1 | BC6: 3 | BD6: 2 | BE6: 2 | BF6: 4 | BG6: 3 | BH6: 4 | BI6: 4 | BJ6: 3 | BK6: 3 | BL6: 3 | BM6: 4 | BN6: 3 | BO6: 3 | BP6: 2 | BQ6: 4 | BR6: 2 | BS6: =IF(COUNT(N6:W6)>=8,AVERAGE(N6:W6),"") | BT6: =IF(COUNT(X6:AE6)>=7,AVERAGE(X6:AE6),"") | BU6: =IF(COUNT(AF6:AM6)>=7,AVERAGE(AF6:AM6),"") | BV6: =IF(COUNT(AN6:AV6)>=8,AVERAGE(AN6:AV6),"") | BW6: =IF(COUNT(AW6:BD6)>=7,AVERAGE(AW6:BD6),"") | BX6: =IF(COUNT(BE6:BJ6)>=5,AVERAGE(BE6:BJ6),"") | BY6: =IF(COUNT(BK6:BR6)>=7,AVERAGE(BK6:BR6),"")
A7: P006 | B7: No | C7: Yes | D7: Female | E7: 35-44 | F7: Bachelor/HND | G7: Commercial bank | H7: Digital Banking/Product | I7: Less than 2 | J7: Yes | K7: 4 | L7: Yes | M7: No | N7: 2 | O7: 2 | P7: 2 | Q7: 2 | R7: 3 | S7: 3 | T7: 2 | U7: 4 | V7: 3 | W7: 2 | Y7: 3 | Z7: 5 | AA7: 3 | AB7: 4 | AC7: 4 | AD7: 3 | AE7: 3 | AF7: 4 | AG7: 2 | AH7: 3 | AI7: 4 | AJ7: 2 | AK7: 5 | AL7: 4 | AM7: 3 | AN7: 4 | AO7: 4 | AP7: 4 | AQ7: 5 | AR7: 3 | AS7: 3 | AT7: 4 | AU7: 3 | AV7: 4 | AW7: 2 | AX7: 3 | AY7: 3 | AZ7: 2 | BA7: 3 | BB7: 3 | BC7: 4 | BD7: 3 | BF7: 3 | BG7: 3 | BH7: 3 | BI7: 3 | BJ7: 3 | BK7: 3 | BL7: 2 | BM7: 4 | BN7: 3 | BO7: 3 | BP7: 2 | BQ7: 3 | BS7: =IF(COUNT(N7:W7)>=8,AVERAGE(N7:W7),"") | BT7: =IF(COUNT(X7:AE7)>=7,AVERAGE(X7:AE7),"") | BU7: =IF(COUNT(AF7:AM7)>=7,AVERAGE(AF7:AM7),"") | BV7: =IF(COUNT(AN7:AV7)>=8,AVERAGE(AN7:AV7),"") | BW7: =IF(COUNT(AW7:BD7)>=7,AVERAGE(AW7:BD7),"") | BX7: =IF(COUNT(BE7:BJ7)>=5,AVERAGE(BE7:BJ7),"") | BY7: =IF(COUNT(BK7:BR7)>=7,AVERAGE(BK7:BR7),"")
A8: P007 | B8: No | C8: Yes | D8: Male | E8: 25-34 | F8: Diploma/OND/NCE | G8: Digital bank/neobank | H8: IT/Technology | I8: 16 or more | J8: Yes | K8: 2 | L8: Yes | M8: No | N8: 3 | O8: 3 | P8: 3 | Q8: 2 | R8: 3 | S8: 3 | T8: 2 | U8: 3 | V8: 3 | W8: 2 | X8: 3 | Y8: 2 | Z8: 3 | AA8: 3 | AB8: 2 | AC8: 2 | AD8: 3 | AE8: 1 | AF8: 2 | AG8: 2 | AH8: 3 | AI8: 3 | AJ8: 3 | AK8: 3 | AL8: 3 | AM8: 4 | AN8: 3 | AP8: 2 | AQ8: 2 | AR8: 4 | AS8: 4 | AT8: 3 | AU8: 3 | AV8: 4 | AW8: 2 | AX8: 2 | AY8: 2 | AZ8: 2 | BA8: 4 | BB8: 3 | BC8: 3 | BD8: 3 | BE8: 4 | BF8: 5 | BG8: 3 | BH8: 4 | BI8: 3 | BJ8: 3 | BK8: 3 | BL8: 2 | BM8: 3 | BN8: 3 | BO8: 4 | BP8: 4 | BQ8: 4 | BR8: 3 | BS8: =IF(COUNT(N8:W8)>=8,AVERAGE(N8:W8),"") | BT8: =IF(COUNT(X8:AE8)>=7,AVERAGE(X8:AE8),"") | BU8: =IF(COUNT(AF8:AM8)>=7,AVERAGE(AF8:AM8),"") | BV8: =IF(COUNT(AN8:AV8)>=8,AVERAGE(AN8:AV8),"") | BW8: =IF(COUNT(AW8:BD8)>=7,AVERAGE(AW8:BD8),"") | BX8: =IF(COUNT(BE8:BJ8)>=5,AVERAGE(BE8:BJ8),"") | BY8: =IF(COUNT(BK8:BR8)>=7,AVERAGE(BK8:BR8),"")
A9: P008 | B9: No | C9: Yes | D9: Male | E9: 18-24 | F9: Bachelor/HND | G9: Commercial bank | H9: Relationship/Marketing | I9: Less than 2 | J9: Yes | K9: 2 | L9: Yes | M9: No | N9: 3 | O9: 2 | P9: 3 | Q9: 2 | R9: 1 | S9: 2 | T9: 2 | U9: 2 | V9: 4 | W9: 2 | X9: 3 | Y9: 1 | Z9: 1 | AA9: 1 | AB9: 1 | AC9: 1 | AD9: 2 | AE9: 1 | AF9: 2 | AG9: 2 | AH9: 2 | AI9: 1 | AJ9: 2 | AK9: 2 | AL9: 3 | AM9: 2 | AN9: 3 | AO9: 3 | AP9: 3 | AQ9: 2 | AR9: 3 | AS9: 3 | AT9: 3 | AU9: 2 | AV9: 2 | AW9: 3 | AX9: 1 | AY9: 1 | AZ9: 1 | BA9: 1 | BB9: 1 | BC9: 2 | BD9: 1 | BE9: 3 | BF9: 5 | BG9: 3 | BH9: 4 | BI9: 4 | BJ9: 3 | BK9: 3 | BL9: 3 | BM9: 4 | BN9: 3 | BO9: 4 | BQ9: 4 | BR9: 3 | BS9: =IF(COUNT(N9:W9)>=8,AVERAGE(N9:W9),"") | BT9: =IF(COUNT(X9:AE9)>=7,AVERAGE(X9:AE9),"") | BU9: =IF(COUNT(AF9:AM9)>=7,AVERAGE(AF9:AM9),"") | BV9: =IF(COUNT(AN9:AV9)>=8,AVERAGE(AN9:AV9),"") | BW9: =IF(COUNT(AW9:BD9)>=7,AVERAGE(AW9:BD9),"") | BX9: =IF(COUNT(BE9:BJ9)>=5,AVERAGE(BE9:BJ9),"") | BY9: =IF(COUNT(BK9:BR9)>=7,AVERAGE(BK9:BR9),"")
A10: P009 | B10: No | C10: Yes | D10: Male | E10: 25-34 | F10: Bachelor/HND | G10: Microfinance bank | H10: IT/Technology | I10: Less than 2 | J10: Yes | K10: 1 | L10: No | M10: No | N10: 4 | O10: 3 | P10: 5 | Q10: 4 | R10: 4 | S10: 5 | T10: 4 | U10: 4 | V10: 4 | W10: 4 | X10: 1 | Y10: 2 | Z10: 3 | AA10: 3 | AB10: 2 | AC10: 3 | AD10: 3 | AE10: 3 | AF10: 2 | AG10: 3 | AH10: 2 | AI10: 4 | AJ10: 2 | AK10: 3 | AL10: 3 | AM10: 2 | AN10: 4 | AO10: 4 | AP10: 3 | AQ10: 3 | AR10: 4 | AS10: 4 | AT10: 3 | AU10: 4 | AV10: 3 | AW10: 3 | AX10: 2 | AZ10: 1 | BA10: 2 | BB10: 2 | BC10: 2 | BD10: 2 | BE10: 4 | BF10: 3 | BG10: 2 | BH10: 3 | BI10: 2 | BJ10: 3 | BK10: 4 | BL10: 3 | BM10: 5 | BN10: 3 | BO10: 3 | BP10: 3 | BQ10: 4 | BR10: 3 | BS10: =IF(COUNT(N10:W10)>=8,AVERAGE(N10:W10),"") | BT10: =IF(COUNT(X10:AE10)>=7,AVERAGE(X10:AE10),"") | BU10: =IF(COUNT(AF10:AM10)>=7,AVERAGE(AF10:AM10),"") | BV10: =IF(COUNT(AN10:AV10)>=8,AVERAGE(AN10:AV10),"") | BW10: =IF(COUNT(AW10:BD10)>=7,AVERAGE(AW10:BD10),"") | BX10: =IF(COUNT(BE10:BJ10)>=5,AVERAGE(BE10:BJ10),"") | BY10: =IF(COUNT(BK10:BR10)>=7,AVERAGE(BK10:BR10),"")
A11: P010 | B11: No | C11: Yes | D11: Female | E11: 25-34 | F11: Bachelor/HND | G11: Merchant bank | H11: IT/Technology | I11: Less than 2 | J11: Yes | K11: 0 | L11: Yes | M11: No | N11: 4 | O11: 2 | P11: 4 | Q11: 3 | R11: 4 | S11: 3 | T11: 3 | U11: 3 | V11: 3 | W11: 3 | X11: 2 | Y11: 2 | Z11: 2 | AA11: 2 | AB11: 1 | AC11: 2 | AD11: 3 | AE11: 2 | AF11: 4 | AG11: 3 | AH11: 5 | AI11: 3 | AJ11: 3 | AK11: 3 | AL11: 4 | AM11: 4 | AN11: 4 | AP11: 4 | AQ11: 3 | AR11: 3 | AS11: 3 | AT11: 3 | AU11: 3 | AV11: 3 | AW11: 4 | AX11: 4 | AY11: 2 | AZ11: 3 | BA11: 4 | BB11: 3 | BC11: 4 | BD11: 3 | BE11: 3 | BF11: 2 | BG11: 1 | BH11: 3 | BI11: 3 | BJ11: 2 | BK11: 2 | BL11: 2 | BM11: 4 | BN11: 3 | BO11: 3 | BP11: 2 | BQ11: 3 | BR11: 2 | BS11: =IF(COUNT(N11:W11)>=8,AVERAGE(N11:W11),"") | BT11: =IF(COUNT(X11:AE11)>=7,AVERAGE(X11:AE11),"") | BU11: =IF(COUNT(AF11:AM11)>=7,AVERAGE(AF11:AM11),"") | BV11: =IF(COUNT(AN11:AV11)>=8,AVERAGE(AN11:AV11),"") | BW11: =IF(COUNT(AW11:BD11)>=7,AVERAGE(AW11:BD11),"") | BX11: =IF(COUNT(BE11:BJ11)>=5,AVERAGE(BE11:BJ11),"") | BY11: =IF(COUNT(BK11:BR11)>=7,AVERAGE(BK11:BR11),"")
A12: P011 | B12: No | C12: Yes | D12: Female | E12: 25-34 | F12: Doctorate | G12: Commercial bank | H12: Other | I12: Less than 2 | J12: Yes | K12: 1 | L12: No | M12: No | N12: 2 | O12: 3 | P12: 2 | Q12: 2 | R12: 3 | S12: 4 | T12: 1 | U12: 2 | V12: 3 | W12: 1 | X12: 3 | Y12: 2 | Z12: 2 | AA12: 2 | AC12: 2 | AD12: 4 | AE12: 1 | AF12: 1 | AG12: 1 | AH12: 2 | AI12: 3 | AJ12: 1 | AK12: 2 | AL12: 1 | AM12: 1 | AN12: 3 | AO12: 2 | AP12: 2 | AQ12: 2 | AR12: 3 | AS12: 3 | AT12: 3 | AU12: 1 | AV12: 2 | AW12: 2 | AX12: 3 | AY12: 2 | AZ12: 2 | BA12: 2 | BB12: 2 | BC12: 3 | BD12: 2 | BE12: 3 | BG12: 2 | BH12: 4 | BI12: 3 | BJ12: 3 | BK12: 3 | BL12: 3 | BM12: 4 | BN12: 4 | BO12: 4 | BP12: 3 | BQ12: 4 | BR12: 3 | BS12: =IF(COUNT(N12:W12)>=8,AVERAGE(N12:W12),"") | BT12: =IF(COUNT(X12:AE12)>=7,AVERAGE(X12:AE12),"") | BU12: =IF(COUNT(AF12:AM12)>=7,AVERAGE(AF12:AM12),"") | BV12: =IF(COUNT(AN12:AV12)>=8,AVERAGE(AN12:AV12),"") | BW12: =IF(COUNT(AW12:BD12)>=7,AVERAGE(AW12:BD12),"") | BX12: =IF(COUNT(BE12:BJ12)>=5,AVERAGE(BE12:BJ12),"") | BY12: =IF(COUNT(BK12:BR12)>=7,AVERAGE(BK12:BR12),"")
A13: P012 | B13: No | C13: Yes | D13: Male | E13: 25-34 | F13: Diploma/OND/NCE | G13: Commercial bank | H13: Digital Banking/Product | I13: 2-5 | J13: Yes | K13: 2 | L13: Yes | M13: No | N13: 3 | O13: 3 | P13: 3 | Q13: 2 | R13: 2 | S13: 3 | T13: 2 | U13: 2 | V13: 3 | W13: 2 | X13: 3 | Y13: 3 | Z13: 5 | AA13: 4 | AB13: 4 | AC13: 4 | AD13: 4 | AE13: 5 | AF13: 3 | AG13: 4 | AH13: 3 | AI13: 5 | AJ13: 4 | AK13: 3 | AL13: 3 | AM13: 3 | AN13: 4 | AO13: 4 | AP13: 3 | AQ13: 3 | AR13: 4 | AS13: 4 | AT13: 3 | AU13: 3 | AW13: 4 | AX13: 3 | AY13: 2 | AZ13: 4 | BA13: 5 | BB13: 4 | BC13: 4 | BD13: 3 | BE13: 2 | BF13: 4 | BG13: 4 | BH13: 4 | BI13: 4 | BJ13: 4 | BK13: 3 | BL13: 3 | BM13: 5 | BN13: 3 | BO13: 5 | BP13: 2 | BQ13: 3 | BR13: 4 | BS13: =IF(COUNT(N13:W13)>=8,AVERAGE(N13:W13),"") | BT13: =IF(COUNT(X13:AE13)>=7,AVERAGE(X13:AE13),"") | BU13: =IF(COUNT(AF13:AM13)>=7,AVERAGE(AF13:AM13),"") | BV13: =IF(COUNT(AN13:AV13)>=8,AVERAGE(AN13:AV13),"") | BW13: =IF(COUNT(AW13:BD13)>=7,AVERAGE(AW13:BD13),"") | BX13: =IF(COUNT(BE13:BJ13)>=5,AVERAGE(BE13:BJ13),"") | BY13: =IF(COUNT(BK13:BR13)>=7,AVERAGE(BK13:BR13),"")
A14: P013 | B14: No | C14: Yes | D14: Female | E14: 25-34 | F14: Bachelor/HND | G14: Commercial bank | H14: Data/Analytics/AI | I14: 2-5 | J14: Yes | K14: 3 | L14: No | M14: No | N14: 2 | O14: 1 | P14: 2 | Q14: 1 | R14: 1 | S14: 1 | T14: 1 | U14: 1 | V14: 3 | W14: 2 | X14: 2 | Y14: 4 | Z14: 5 | AA14: 3 | AB14: 4 | AC14: 4 | AD14: 4 | AE14: 2 | AF14: 3 | AG14: 4 | AH14: 3 | AI14: 4 | AJ14: 3 | AK14: 3 | AL14: 3 | AM14: 4 | AN14: 3 | AO14: 2 | AP14: 2 | AQ14: 1 | AR14: 3 | AS14: 3 | AT14: 2 | AU14: 2 | AV14: 3 | AW14: 4 | AX14: 3 | AY14: 3 | AZ14: 3 | BA14: 3 | BB14: 4 | BC14: 3 | BD14: 2 | BE14: 4 | BF14: 3 | BG14: 4 | BH14: 4 | BI14: 4 | BJ14: 4 | BK14: 3 | BL14: 2 | BM14: 3 | BN14: 3 | BO14: 2 | BP14: 2 | BQ14: 3 | BR14: 3 | BS14: =IF(COUNT(N14:W14)>=8,AVERAGE(N14:W14),"") | BT14: =IF(COUNT(X14:AE14)>=7,AVERAGE(X14:AE14),"") | BU14: =IF(COUNT(AF14:AM14)>=7,AVERAGE(AF14:AM14),"") | BV14: =IF(COUNT(AN14:AV14)>=8,AVERAGE(AN14:AV14),"") | BW14: =IF(COUNT(AW14:BD14)>=7,AVERAGE(AW14:BD14),"") | BX14: =IF(COUNT(BE14:BJ14)>=5,AVERAGE(BE14:BJ14),"") | BY14: =IF(COUNT(BK14:BR14)>=7,AVERAGE(BK14:BR14),"")
A15: P014 | B15: No | C15: Yes | D15: Female | E15: 45-54 | F15: Postgraduate Diploma | G15: Commercial bank | H15: IT/Technology | I15: 2-5 | J15: Yes | K15: 4 | L15: Do not know | M15: No | N15: 3 | O15: 4 | P15: 3 | Q15: 3 | R15: 2 | S15: 3 | T15: 2 | U15: 3 | V15: 2 | W15: 2 | X15: 3 | Y15: 4 | Z15: 3 | AA15: 3 | AB15: 3 | AC15: 3 | AD15: 4 | AE15: 4 | AF15: 3 | AG15: 4 | AH15: 3 | AI15: 4 | AJ15: 4 | AK15: 3 | AL15: 4 | AM15: 4 | AN15: 3 | AO15: 4 | AP15: 5 | AQ15: 2 | AR15: 3 | AS15: 2 | AT15: 4 | AU15: 2 | AV15: 3 | AW15: 4 | AX15: 3 | AY15: 3 | AZ15: 2 | BB15: 3 | BC15: 4 | BD15: 4 | BE15: 3 | BF15: 4 | BG15: 3 | BH15: 4 | BI15: 4 | BJ15: 3 | BK15: 4 | BL15: 4 | BM15: 3 | BN15: 2 | BO15: 3 | BQ15: 3 | BR15: 2 | BS15: =IF(COUNT(N15:W15)>=8,AVERAGE(N15:W15),"") | BT15: =IF(COUNT(X15:AE15)>=7,AVERAGE(X15:AE15),"") | BU15: =IF(COUNT(AF15:AM15)>=7,AVERAGE(AF15:AM15),"") | BV15: =IF(COUNT(AN15:AV15)>=8,AVERAGE(AN15:AV15),"") | BW15: =IF(COUNT(AW15:BD15)>=7,AVERAGE(AW15:BD15),"") | BX15: =IF(COUNT(BE15:BJ15)>=5,AVERAGE(BE15:BJ15),"") | BY15: =IF(COUNT(BK15:BR15)>=7,AVERAGE(BK15:BR15),"")
A16: P015 | B16: No | C16: Yes | D16: Male | E16: 35-44 | F16: Other | G16: Digital bank/neobank | H16: Relationship/Marketing | I16: 6-10 | J16: Yes | K16: 1 | L16: No | M16: No | N16: 5 | O16: 4 | P16: 4 | Q16: 4 | R16: 4 | S16: 5 | T16: 3 | U16: 4 | V16: 4 | W16: 4 | X16: 5 | Y16: 4 | Z16: 5 | AA16: 3 | AB16: 4 | AC16: 4 | AD16: 4 | AE16: 3 | AG16: 4 | AH16: 3 | AI16: 5 | AJ16: 3 | AK16: 5 | AL16: 4 | AM16: 3 | AN16: 3 | AO16: 3 | AP16: 2 | AQ16: 2 | AR16: 3 | AS16: 4 | AT16: 4 | AU16: 3 | AV16: 3 | AW16: 4 | AX16: 4 | AY16: 4 | AZ16: 3 | BA16: 5 | BB16: 3 | BC16: 3 | BD16: 4 | BE16: 2 | BF16: 1 | BG16: 1 | BH16: 3 | BI16: 2 | BJ16: 2 | BK16: 3 | BL16: 3 | BM16: 2 | BN16: 1 | BO16: 3 | BP16: 3 | BQ16: 3 | BR16: 3 | BS16: =IF(COUNT(N16:W16)>=8,AVERAGE(N16:W16),"") | BT16: =IF(COUNT(X16:AE16)>=7,AVERAGE(X16:AE16),"") | BU16: =IF(COUNT(AF16:AM16)>=7,AVERAGE(AF16:AM16),"") | BV16: =IF(COUNT(AN16:AV16)>=8,AVERAGE(AN16:AV16),"") | BW16: =IF(COUNT(AW16:BD16)>=7,AVERAGE(AW16:BD16),"") | BX16: =IF(COUNT(BE16:BJ16)>=5,AVERAGE(BE16:BJ16),"") | BY16: =IF(COUNT(BK16:BR16)>=7,AVERAGE(BK16:BR16),"")
A17: P016 | B17: No | C17: Yes | D17: Prefer not to say | E17: 25-34 | F17: Master's | G17: Digital bank/neobank | H17: Digital Banking/Product | I17: Less than 2 | J17: Yes | K17: 0 | L17: Yes | M17: No | N17: 3 | O17: 4 | P17: 4 | Q17: 2 | R17: 4 | S17: 2 | T17: 3 | U17: 4 | V17: 3 | W17: 3 | X17: 2 | Y17: 1 | Z17: 3 | AA17: 2 | AB17: 1 | AC17: 1 | AD17: 1 | AE17: 1 | AF17: 2 | AG17: 3 | AH17: 2 | AI17: 4 | AJ17: 2 | AK17: 3 | AL17: 3 | AM17: 1 | AN17: 2 | AO17: 2 | AP17: 2 | AQ17: 1 | AR17: 1 | AS17: 1 | AT17: 1 | AU17: 2 | AV17: 2 | AW17: 2 | AX17: 2 | AY17: 2 | AZ17: 1 | BA17: 2 | BB17: 1 | BC17: 1 | BD17: 1 | BE17: 3 | BF17: 3 | BG17: 2 | BH17: 2 | BI17: 2 | BJ17: 2 | BK17: 3 | BL17: 3 | BM17: 3 | BN17: 3 | BO17: 3 | BP17: 3 | BQ17: 4 | BR17: 3 | BS17: =IF(COUNT(N17:W17)>=8,AVERAGE(N17:W17),"") | BT17: =IF(COUNT(X17:AE17)>=7,AVERAGE(X17:AE17),"") | BU17: =IF(COUNT(AF17:AM17)>=7,AVERAGE(AF17:AM17),"") | BV17: =IF(COUNT(AN17:AV17)>=8,AVERAGE(AN17:AV17),"") | BW17: =IF(COUNT(AW17:BD17)>=7,AVERAGE(AW17:BD17),"") | BX17: =IF(COUNT(BE17:BJ17)>=5,AVERAGE(BE17:BJ17),"") | BY17: =IF(COUNT(BK17:BR17)>=7,AVERAGE(BK17:BR17),"")
A18: P017 | B18: No | C18: Yes | D18: Female | E18: 35-44 | F18: Master's | G18: Digital bank/neobank | H18: IT/Technology | I18: 11-15 | J18: Yes | K18: 4 | L18: Yes | M18: No | N18: 3 | O18: 3 | P18: 4 | Q18: 3 | R18: 3 | S18: 3 | T18: 2 | U18: 3 | V18: 3 | W18: 3 | X18: 3 | Y18: 3 | Z18: 2 | AA18: 3 | AB18: 2 | AC18: 3 | AD18: 3 | AE18: 2 | AF18: 2 | AG18: 3 | AH18: 3 | AI18: 4 | AJ18: 3 | AK18: 2 | AL18: 3 | AM18: 1 | AN18: 2 | AO18: 2 | AP18: 2 | AQ18: 2 | AR18: 3 | AS18: 1 | AT18: 2 | AU18: 2 | AV18: 1 | AW18: 2 | AX18: 2 | AY18: 3 | AZ18: 2 | BA18: 3 | BB18: 2 | BC18: 2 | BD18: 2 | BE18: 4 | BF18: 4 | BG18: 3 | BH18: 5 | BI18: 4 | BJ18: 4 | BK18: 4 | BL18: 4 | BM18: 5 | BN18: 4 | BO18: 4 | BP18: 4 | BQ18: 5 | BR18: 4 | BS18: =IF(COUNT(N18:W18)>=8,AVERAGE(N18:W18),"") | BT18: =IF(COUNT(X18:AE18)>=7,AVERAGE(X18:AE18),"") | BU18: =IF(COUNT(AF18:AM18)>=7,AVERAGE(AF18:AM18),"") | BV18: =IF(COUNT(AN18:AV18)>=8,AVERAGE(AN18:AV18),"") | BW18: =IF(COUNT(AW18:BD18)>=7,AVERAGE(AW18:BD18),"") | BX18: =IF(COUNT(BE18:BJ18)>=5,AVERAGE(BE18:BJ18),"") | BY18: =IF(COUNT(BK18:BR18)>=7,AVERAGE(BK18:BR18),"")
A19: P018 | B19: No | C19: Yes | D19: Female | E19: 35-44 | F19: Master's | G19: Fintech/payment provider | H19: Digital Banking/Product | I19: 16 or more | J19: Yes | K19: 1 | L19: Yes | M19: No | N19: 1 | O19: 2 | P19: 2 | Q19: 1 | R19: 2 | S19: 3 | T19: 2 | U19: 2 | V19: 3 | W19: 2 | X19: 2 | Y19: 3 | Z19: 4 | AA19: 3 | AB19: 3 | AC19: 3 | AD19: 3 | AE19: 3 | AF19: 4 | AG19: 3 | AH19: 3 | AI19: 4 | AJ19: 4 | AK19: 3 | AL19: 4 | AM19: 3 | AN19: 3 | AO19: 3 | AP19: 4 | AQ19: 3 | AR19: 4 | AS19: 4 | AT19: 3 | AU19: 2 | AV19: 3 | AW19: 4 | AX19: 3 | AY19: 4 | AZ19: 3 | BA19: 4 | BB19: 4 | BC19: 4 | BD19: 4 | BE19: 3 | BF19: 4 | BG19: 3 | BH19: 4 | BI19: 4 | BJ19: 4 | BK19: 2 | BL19: 2 | BM19: 3 | BN19: 2 | BO19: 2 | BP19: 3 | BQ19: 3 | BR19: 3 | BS19: =IF(COUNT(N19:W19)>=8,AVERAGE(N19:W19),"") | BT19: =IF(COUNT(X19:AE19)>=7,AVERAGE(X19:AE19),"") | BU19: =IF(COUNT(AF19:AM19)>=7,AVERAGE(AF19:AM19),"") | BV19: =IF(COUNT(AN19:AV19)>=8,AVERAGE(AN19:AV19),"") | BW19: =IF(COUNT(AW19:BD19)>=7,AVERAGE(AW19:BD19),"") | BX19: =IF(COUNT(BE19:BJ19)>=5,AVERAGE(BE19:BJ19),"") | BY19: =IF(COUNT(BK19:BR19)>=7,AVERAGE(BK19:BR19),"")
A20: P019 | B20: No | C20: Yes | D20: Female | E20: 25-34 | F20: Bachelor/HND | G20: Digital bank/neobank | H20: Customer Experience/Service | I20: Less than 2 | J20: Yes | K20: 1 | L20: No | M20: No | N20: 2 | O20: 3 | P20: 4 | Q20: 3 | R20: 3 | S20: 3 | T20: 2 | U20: 4 | V20: 2 | W20: 3 | X20: 2 | Y20: 2 | Z20: 4 | AA20: 2 | AB20: 3 | AC20: 2 | AD20: 2 | AE20: 3 | AF20: 2 | AG20: 3 | AH20: 2 | AI20: 4 | AJ20: 3 | AK20: 3 | AL20: 2 | AM20: 2 | AN20: 5 | AO20: 3 | AP20: 3 | AQ20: 3 | AR20: 5 | AS20: 5 | AT20: 4 | AU20: 3 | AV20: 4 | AW20: 3 | AX20: 2 | AY20: 3 | AZ20: 3 | BA20: 4 | BB20: 4 | BC20: 4 | BD20: 4 | BE20: 1 | BF20: 3 | BG20: 2 | BH20: 4 | BI20: 3 | BJ20: 3 | BK20: 2 | BL20: 2 | BM20: 2 | BN20: 3 | BO20: 4 | BP20: 3 | BQ20: 3 | BR20: 3 | BS20: =IF(COUNT(N20:W20)>=8,AVERAGE(N20:W20),"") | BT20: =IF(COUNT(X20:AE20)>=7,AVERAGE(X20:AE20),"") | BU20: =IF(COUNT(AF20:AM20)>=7,AVERAGE(AF20:AM20),"") | BV20: =IF(COUNT(AN20:AV20)>=8,AVERAGE(AN20:AV20),"") | BW20: =IF(COUNT(AW20:BD20)>=7,AVERAGE(AW20:BD20),"") | BX20: =IF(COUNT(BE20:BJ20)>=5,AVERAGE(BE20:BJ20),"") | BY20: =IF(COUNT(BK20:BR20)>=7,AVERAGE(BK20:BR20),"")
A21: P020 | B21: No | C21: Yes | D21: Male | E21: 35-44 | F21: Bachelor/HND | G21: Commercial bank | H21: Customer Experience/Service | I21: 11-15 | J21: Yes | K21: 2 | L21: Yes | M21: No | N21: 3 | O21: 2 | P21: 3 | Q21: 3 | R21: 3 | S21: 1 | T21: 2 | U21: 3 | V21: 4 | W21: 2 | X21: 4 | Y21: 4 | Z21: 5 | AA21: 3 | AB21: 4 | AC21: 3 | AD21: 3 | AE21: 3 | AF21: 4 | AG21: 4 | AH21: 3 | AI21: 5 | AJ21: 4 | AK21: 4 | AL21: 4 | AM21: 3 | AN21: 4 | AP21: 3 | AQ21: 4 | AR21: 4 | AS21: 3 | AT21: 4 | AU21: 3 | AV21: 3 | AW21: 4 | AX21: 4 | AY21: 4 | AZ21: 4 | BA21: 3 | BB21: 4 | BC21: 4 | BD21: 3 | BE21: 3 | BF21: 3 | BG21: 2 | BH21: 3 | BI21: 2 | BJ21: 2 | BK21: 3 | BL21: 2 | BN21: 3 | BO21: 3 | BP21: 3 | BQ21: 4 | BR21: 2 | BS21: =IF(COUNT(N21:W21)>=8,AVERAGE(N21:W21),"") | BT21: =IF(COUNT(X21:AE21)>=7,AVERAGE(X21:AE21),"") | BU21: =IF(COUNT(AF21:AM21)>=7,AVERAGE(AF21:AM21),"") | BV21: =IF(COUNT(AN21:AV21)>=8,AVERAGE(AN21:AV21),"") | BW21: =IF(COUNT(AW21:BD21)>=7,AVERAGE(AW21:BD21),"") | BX21: =IF(COUNT(BE21:BJ21)>=5,AVERAGE(BE21:BJ21),"") | BY21: =IF(COUNT(BK21:BR21)>=7,AVERAGE(BK21:BR21),"")
A22: P021 | B22: No | C22: Yes | D22: Female | E22: 35-44 | F22: Master's | G22: Fintech/payment provider | H22: Risk/Compliance | I22: 2-5 | J22: Yes | K22: 0 | L22: No | M22: No | N22: 3 | O22: 1 | P22: 2 | Q22: 1 | R22: 1 | S22: 1 | T22: 2 | U22: 1 | V22: 2 | W22: 1 | X22: 3 | Y22: 2 | Z22: 2 | AA22: 1 | AB22: 2 | AC22: 2 | AD22: 1 | AE22: 2 | AF22: 3 | AG22: 4 | AH22: 4 | AI22: 3 | AJ22: 3 | AK22: 3 | AL22: 3 | AM22: 4 | AN22: 4 | AO22: 3 | AP22: 4 | AQ22: 3 | AR22: 3 | AS22: 2 | AT22: 4 | AU22: 3 | AV22: 4 | AW22: 4 | AX22: 4 | AY22: 4 | AZ22: 3 | BA22: 3 | BB22: 3 | BC22: 3 | BD22: 4 | BE22: 2 | BF22: 3 | BG22: 2 | BH22: 2 | BI22: 2 | BJ22: 2 | BK22: 2 | BL22: 2 | BM22: 1 | BN22: 1 | BO22: 2 | BP22: 2 | BQ22: 3 | BR22: 1 | BS22: =IF(COUNT(N22:W22)>=8,AVERAGE(N22:W22),"") | BT22: =IF(COUNT(X22:AE22)>=7,AVERAGE(X22:AE22),"") | BU22: =IF(COUNT(AF22:AM22)>=7,AVERAGE(AF22:AM22),"") | BV22: =IF(COUNT(AN22:AV22)>=8,AVERAGE(AN22:AV22),"") | BW22: =IF(COUNT(AW22:BD22)>=7,AVERAGE(AW22:BD22),"") | BX22: =IF(COUNT(BE22:BJ22)>=5,AVERAGE(BE22:BJ22),"") | BY22: =IF(COUNT(BK22:BR22)>=7,AVERAGE(BK22:BR22),"")
A23: P022 | B23: No | C23: Yes | D23: Male | E23: 25-34 | F23: Bachelor/HND | G23: Digital bank/neobank | H23: Risk/Compliance | I23: 2-5 | J23: Yes | K23: 1 | L23: No | M23: No | N23: 2 | O23: 2 | P23: 4 | Q23: 2 | R23: 2 | S23: 2 | T23: 1 | U23: 3 | V23: 3 | W23: 2 | X23: 2 | Y23: 1 | AA23: 1 | AB23: 1 | AC23: 1 | AD23: 1 | AE23: 1 | AF23: 1 | AG23: 2 | AH23: 2 | AI23: 3 | AJ23: 3 | AK23: 3 | AL23: 2 | AM23: 2 | AO23: 2 | AP23: 3 | AQ23: 2 | AR23: 3 | AS23: 3 | AU23: 2 | AV23: 3 | AW23: 2 | AX23: 1 | AY23: 1 | BA23: 3 | BB23: 1 | BC23: 2 | BD23: 2 | BE23: 1 | BF23: 3 | BG23: 1 | BH23: 3 | BI23: 3 | BJ23: 1 | BK23: 3 | BL23: 3 | BM23: 2 | BN23: 2 | BO23: 4 | BP23: 2 | BQ23: 3 | BR23: 3 | BS23: =IF(COUNT(N23:W23)>=8,AVERAGE(N23:W23),"") | BT23: =IF(COUNT(X23:AE23)>=7,AVERAGE(X23:AE23),"") | BU23: =IF(COUNT(AF23:AM23)>=7,AVERAGE(AF23:AM23),"") | BV23: =IF(COUNT(AN23:AV23)>=8,AVERAGE(AN23:AV23),"") | BW23: =IF(COUNT(AW23:BD23)>=7,AVERAGE(AW23:BD23),"") | BX23: =IF(COUNT(BE23:BJ23)>=5,AVERAGE(BE23:BJ23),"") | BY23: =IF(COUNT(BK23:BR23)>=7,AVERAGE(BK23:BR23),"")
A24: P023 | B24: No | C24: Yes | D24: Female | E24: 25-34 | F24: Other | G24: Commercial bank | H24: Digital Banking/Product | I24: 6-10 | J24: Yes | K24: 0 | L24: No | M24: No | N24: 1 | O24: 2 | P24: 3 | Q24: 3 | R24: 2 | S24: 3 | T24: 1 | U24: 3 | V24: 3 | W24: 2 | X24: 3 | Y24: 3 | Z24: 4 | AA24: 4 | AB24: 4 | AC24: 3 | AD24: 3 | AE24: 3 | AF24: 2 | AG24: 3 | AH24: 2 | AI24: 2 | AJ24: 2 | AK24: 3 | AL24: 1 | AM24: 2 | AN24: 2 | AO24: 2 | AP24: 2 | AQ24: 2 | AR24: 2 | AS24: 3 | AT24: 3 | AU24: 2 | AV24: 3 | AW24: 4 | AX24: 2 | AY24: 2 | AZ24: 3 | BA24: 3 | BB24: 3 | BD24: 1 | BE24: 4 | BF24: 4 | BG24: 2 | BH24: 3 | BI24: 3 | BJ24: 4 | BK24: 4 | BL24: 3 | BM24: 4 | BN24: 3 | BO24: 5 | BP24: 4 | BQ24: 4 | BR24: 4 | BS24: =IF(COUNT(N24:W24)>=8,AVERAGE(N24:W24),"") | BT24: =IF(COUNT(X24:AE24)>=7,AVERAGE(X24:AE24),"") | BU24: =IF(COUNT(AF24:AM24)>=7,AVERAGE(AF24:AM24),"") | BV24: =IF(COUNT(AN24:AV24)>=8,AVERAGE(AN24:AV24),"") | BW24: =IF(COUNT(AW24:BD24)>=7,AVERAGE(AW24:BD24),"") | BX24: =IF(COUNT(BE24:BJ24)>=5,AVERAGE(BE24:BJ24),"") | BY24: =IF(COUNT(BK24:BR24)>=7,AVERAGE(BK24:BR24),"")
A25: P024 | B25: No | C25: Yes | D25: Male | E25: 35-44 | F25: Master's | G25: Commercial bank | H25: Other | I25: 2-5 | J25: Yes | K25: 1 | L25: No | M25: No | N25: 4 | O25: 4 | P25: 4 | Q25: 4 | R25: 3 | S25: 4 | T25: 4 | U25: 3 | V25: 3 | W25: 4 | X25: 3 | Y25: 4 | Z25: 3 | AA25: 4 | AB25: 3 | AC25: 4 | AD25: 4 | AE25: 4 | AF25: 3 | AG25: 3 | AH25: 3 | AJ25: 4 | AK25: 4 | AL25: 3 | AM25: 3 | AN25: 4 | AO25: 3 | AP25: 4 | AQ25: 3 | AR25: 4 | AS25: 3 | AT25: 3 | AU25: 3 | AV25: 3 | AW25: 4 | AX25: 3 | AZ25: 3 | BA25: 4 | BB25: 4 | BC25: 3 | BD25: 3 | BE25: 3 | BF25: 2 | BG25: 1 | BH25: 3 | BI25: 3 | BJ25: 2 | BK25: 3 | BL25: 1 | BM25: 2 | BN25: 2 | BO25: 2 | BP25: 2 | BQ25: 3 | BR25: 1 | BS25: =IF(COUNT(N25:W25)>=8,AVERAGE(N25:W25),"") | BT25: =IF(COUNT(X25:AE25)>=7,AVERAGE(X25:AE25),"") | BU25: =IF(COUNT(AF25:AM25)>=7,AVERAGE(AF25:AM25),"") | BV25: =IF(COUNT(AN25:AV25)>=8,AVERAGE(AN25:AV25),"") | BW25: =IF(COUNT(AW25:BD25)>=7,AVERAGE(AW25:BD25),"") | BX25: =IF(COUNT(BE25:BJ25)>=5,AVERAGE(BE25:BJ25),"") | BY25: =IF(COUNT(BK25:BR25)>=7,AVERAGE(BK25:BR25),"")
A26: P025 | B26: No | C26: Yes | D26: Male | E26: 35-44 | F26: Diploma/OND/NCE | G26: Commercial bank | H26: Other | I26: Less than 2 | J26: Yes | K26: 1 | L26: No | M26: No | O26: 5 | P26: 5 | Q26: 3 | R26: 3 | S26: 4 | T26: 3 | U26: 5 | V26: 5 | W26: 4 | X26: 4 | Y26: 2 | Z26: 3 | AA26: 1 | AB26: 3 | AC26: 3 | AD26: 2 | AE26: 3 | AF26: 3 | AG26: 3 | AH26: 1 | AI26: 2 | AJ26: 2 | AL26: 1 | AM26: 2 | AN26: 3 | AO26: 2 | AP26: 3 | AQ26: 3 | AR26: 3 | AS26: 1 | AT26: 2 | AU26: 2 | AV26: 3 | AW26: 3 | AX26: 2 | AY26: 1 | AZ26: 2 | BA26: 2 | BB26: 3 | BC26: 2 | BD26: 1 | BE26: 3 | BF26: 5 | BG26: 3 | BH26: 3 | BI26: 4 | BJ26: 3 | BK26: 4 | BL26: 4 | BM26: 5 | BN26: 3 | BO26: 4 | BP26: 4 | BQ26: 4 | BR26: 5 | BS26: =IF(COUNT(N26:W26)>=8,AVERAGE(N26:W26),"") | BT26: =IF(COUNT(X26:AE26)>=7,AVERAGE(X26:AE26),"") | BU26: =IF(COUNT(AF26:AM26)>=7,AVERAGE(AF26:AM26),"") | BV26: =IF(COUNT(AN26:AV26)>=8,AVERAGE(AN26:AV26),"") | BW26: =IF(COUNT(AW26:BD26)>=7,AVERAGE(AW26:BD26),"") | BX26: =IF(COUNT(BE26:BJ26)>=5,AVERAGE(BE26:BJ26),"") | BY26: =IF(COUNT(BK26:BR26)>=7,AVERAGE(BK26:BR26),"")
A27: P026 | B27: No | C27: Yes | D27: Female | E27: 35-44 | F27: Diploma/OND/NCE | G27: Microfinance bank | H27: Relationship/Marketing | I27: 6-10 | J27: Yes | K27: 1 | L27: Yes | M27: No | N27: 5 | O27: 4 | P27: 5 | Q27: 3 | R27: 5 | S27: 5 | T27: 4 | U27: 4 | V27: 4 | W27: 4 | X27: 4 | Y27: 4 | Z27: 5 | AA27: 5 | AB27: 4 | AC27: 5 | AD27: 4 | AE27: 5 | AF27: 4 | AG27: 4 | AH27: 3 | AI27: 3 | AJ27: 4 | AK27: 4 | AL27: 3 | AM27: 4 | AN27: 5 | AO27: 4 | AP27: 5 | AQ27: 5 | AR27: 5 | AS27: 5 | AT27: 4 | AU27: 5 | AV27: 4 | AW27: 5 | AX27: 4 | AY27: 5 | AZ27: 3 | BA27: 4 | BB27: 3 | BC27: 4 | BD27: 4 | BE27: 3 | BF27: 3 | BG27: 2 | BH27: 4 | BI27: 3 | BJ27: 3 | BK27: 2 | BL27: 2 | BM27: 3 | BN27: 2 | BO27: 3 | BP27: 3 | BQ27: 3 | BR27: 2 | BS27: =IF(COUNT(N27:W27)>=8,AVERAGE(N27:W27),"") | BT27: =IF(COUNT(X27:AE27)>=7,AVERAGE(X27:AE27),"") | BU27: =IF(COUNT(AF27:AM27)>=7,AVERAGE(AF27:AM27),"") | BV27: =IF(COUNT(AN27:AV27)>=8,AVERAGE(AN27:AV27),"") | BW27: =IF(COUNT(AW27:BD27)>=7,AVERAGE(AW27:BD27),"") | BX27: =IF(COUNT(BE27:BJ27)>=5,AVERAGE(BE27:BJ27),"") | BY27: =IF(COUNT(BK27:BR27)>=7,AVERAGE(BK27:BR27),"")
A28: P027 | B28: No | C28: Yes | D28: Female | E28: 25-34 | F28: Bachelor/HND | G28: Digital bank/neobank | H28: IT/Technology | I28: 16 or more | J28: Yes | K28: 0 | L28: No | M28: No | N28: 3 | O28: 2 | P28: 3 | Q28: 2 | R28: 2 | S28: 4 | T28: 3 | U28: 3 | V28: 3 | W28: 3 | X28: 3 | Y28: 2 | Z28: 2 | AA28: 2 | AB28: 3 | AC28: 3 | AD28: 4 | AE28: 3 | AF28: 1 | AG28: 3 | AH28: 3 | AI28: 3 | AJ28: 3 | AK28: 3 | AL28: 2 | AM28: 2 | AN28: 2 | AO28: 2 | AP28: 2 | AQ28: 3 | AR28: 2 | AS28: 2 | AT28: 3 | AV28: 3 | AW28: 2 | AX28: 2 | AY28: 3 | AZ28: 2 | BA28: 3 | BB28: 3 | BC28: 2 | BD28: 2 | BE28: 3 | BF28: 3 | BG28: 3 | BH28: 3 | BI28: 2 | BJ28: 3 | BK28: 2 | BL28: 4 | BM28: 4 | BN28: 3 | BO28: 4 | BP28: 4 | BQ28: 3 | BR28: 3 | BS28: =IF(COUNT(N28:W28)>=8,AVERAGE(N28:W28),"") | BT28: =IF(COUNT(X28:AE28)>=7,AVERAGE(X28:AE28),"") | BU28: =IF(COUNT(AF28:AM28)>=7,AVERAGE(AF28:AM28),"") | BV28: =IF(COUNT(AN28:AV28)>=8,AVERAGE(AN28:AV28),"") | BW28: =IF(COUNT(AW28:BD28)>=7,AVERAGE(AW28:BD28),"") | BX28: =IF(COUNT(BE28:BJ28)>=5,AVERAGE(BE28:BJ28),"") | BY28: =IF(COUNT(BK28:BR28)>=7,AVERAGE(BK28:BR28),"")
A29: P028 | B29: No | C29: Yes | D29: Male | E29: 45-54 | F29: Bachelor/HND | G29: Commercial bank | H29: Management/Strategy | I29: 2-5 | J29: Yes | K29: 3 | L29: Yes | M29: No | N29: 3 | O29: 3 | P29: 3 | Q29: 3 | R29: 2 | S29: 4 | T29: 3 | U29: 3 | V29: 5 | W29: 3 | X29: 4 | Z29: 4 | AA29: 4 | AB29: 3 | AC29: 4 | AD29: 4 | AE29: 3 | AF29: 4 | AG29: 4 | AH29: 4 | AI29: 5 | AJ29: 4 | AK29: 5 | AL29: 5 | AM29: 4 | AN29: 4 | AO29: 3 | AP29: 3 | AQ29: 4 | AR29: 4 | AS29: 3 | AT29: 4 | AU29: 3 | AV29: 3 | AW29: 5 | AY29: 5 | AZ29: 4 | BA29: 5 | BB29: 5 | BC29: 3 | BD29: 4 | BE29: 4 | BF29: 3 | BG29: 4 | BH29: 5 | BI29: 5 | BJ29: 3 | BK29: 4 | BL29: 2 | BM29: 4 | BN29: 4 | BO29: 3 | BP29: 3 | BQ29: 5 | BR29: 2 | BS29: =IF(COUNT(N29:W29)>=8,AVERAGE(N29:W29),"") | BT29: =IF(COUNT(X29:AE29)>=7,AVERAGE(X29:AE29),"") | BU29: =IF(COUNT(AF29:AM29)>=7,AVERAGE(AF29:AM29),"") | BV29: =IF(COUNT(AN29:AV29)>=8,AVERAGE(AN29:AV29),"") | BW29: =IF(COUNT(AW29:BD29)>=7,AVERAGE(AW29:BD29),"") | BX29: =IF(COUNT(BE29:BJ29)>=5,AVERAGE(BE29:BJ29),"") | BY29: =IF(COUNT(BK29:BR29)>=7,AVERAGE(BK29:BR29),"")
A30: P029 | B30: No | C30: Yes | D30: Female | E30: 55 or above | F30: Bachelor/HND | G30: Insurance/investment/other licensed financial institution | H30: Customer Experience/Service | I30: Less than 2 | J30: Yes | K30: 3 | L30: Yes | M30: No | N30: 4 | O30: 5 | P30: 5 | Q30: 5 | R30: 4 | S30: 4 | T30: 5 | U30: 4 | V30: 5 | W30: 4 | X30: 5 | Y30: 4 | Z30: 4 | AA30: 3 | AB30: 4 | AC30: 4 | AD30: 4 | AE30: 4 | AF30: 4 | AG30: 2 | AH30: 2 | AI30: 3 | AJ30: 4 | AK30: 3 | AL30: 3 | AM30: 4 | AN30: 5 | AO30: 3 | AP30: 5 | AR30: 5 | AS30: 5 | AT30: 4 | AU30: 3 | AV30: 4 | AW30: 3 | AX30: 3 | AY30: 5 | AZ30: 3 | BA30: 4 | BB30: 4 | BC30: 4 | BD30: 3 | BE30: 3 | BF30: 4 | BG30: 3 | BH30: 3 | BI30: 3 | BJ30: 4 | BK30: 4 | BL30: 2 | BM30: 3 | BN30: 2 | BO30: 3 | BP30: 2 | BQ30: 2 | BR30: 2 | BS30: =IF(COUNT(N30:W30)>=8,AVERAGE(N30:W30),"") | BT30: =IF(COUNT(X30:AE30)>=7,AVERAGE(X30:AE30),"") | BU30: =IF(COUNT(AF30:AM30)>=7,AVERAGE(AF30:AM30),"") | BV30: =IF(COUNT(AN30:AV30)>=8,AVERAGE(AN30:AV30),"") | BW30: =IF(COUNT(AW30:BD30)>=7,AVERAGE(AW30:BD30),"") | BX30: =IF(COUNT(BE30:BJ30)>=5,AVERAGE(BE30:BJ30),"") | BY30: =IF(COUNT(BK30:BR30)>=7,AVERAGE(BK30:BR30),"")
A31: P030 | B31: No | C31: Yes | D31: Female | E31: 35-44 | F31: Diploma/OND/NCE | G31: Merchant bank | H31: Digital Banking/Product | I31: 11-15 | J31: Yes | K31: 1 | L31: No | M31: No | N31: 2 | O31: 3 | P31: 3 | Q31: 1 | R31: 4 | S31: 4 | T31: 3 | U31: 3 | V31: 3 | W31: 1 | X31: 4 | Y31: 3 | AA31: 2 | AB31: 3 | AC31: 3 | AD31: 4 | AE31: 4 | AF31: 2 | AG31: 3 | AH31: 3 | AI31: 2 | AJ31: 4 | AK31: 3 | AL31: 4 | AM31: 3 | AN31: 4 | AO31: 4 | AP31: 3 | AQ31: 3 | AR31: 4 | AS31: 3 | AT31: 3 | AU31: 3 | AV31: 4 | AW31: 4 | AX31: 4 | AY31: 3 | AZ31: 3 | BA31: 3 | BB31: 3 | BC31: 3 | BD31: 2 | BE31: 2 | BF31: 3 | BG31: 2 | BH31: 3 | BJ31: 2 | BK31: 2 | BL31: 2 | BM31: 4 | BN31: 3 | BO31: 2 | BP31: 4 | BQ31: 4 | BR31: 2 | BS31: =IF(COUNT(N31:W31)>=8,AVERAGE(N31:W31),"") | BT31: =IF(COUNT(X31:AE31)>=7,AVERAGE(X31:AE31),"") | BU31: =IF(COUNT(AF31:AM31)>=7,AVERAGE(AF31:AM31),"") | BV31: =IF(COUNT(AN31:AV31)>=8,AVERAGE(AN31:AV31),"") | BW31: =IF(COUNT(AW31:BD31)>=7,AVERAGE(AW31:BD31),"") | BX31: =IF(COUNT(BE31:BJ31)>=5,AVERAGE(BE31:BJ31),"") | BY31: =IF(COUNT(BK31:BR31)>=7,AVERAGE(BK31:BR31),"")
A32: R001 | B32: No | C32: No | D32: Male | E32: 18-24 | F32: Master's | G32: Commercial bank | H32: Customer Experience/Service | I32: 2-5 | J32: Yes | K32: 4 | L32: Yes | M32: Yes | N32: 3 | O32: 4 | P32: 5 | Q32: 5 | R32: 4 | S32: 3 | T32: 3 | U32: 4 | V32: 4 | W32: 4 | X32: 3 | Y32: 1 | Z32: 2 | AA32: 3 | AB32: 3 | AC32: 2 | AD32: 2 | AE32: 2 | AF32: 3 | AG32: 3 | AH32: 2 | AI32: 2 | AJ32: 2 | AK32: 3 | AL32: 2 | AM32: 2 | AN32: 1 | AO32: 1 | AP32: 1 | AQ32: 1 | AR32: 1 | AS32: 1 | AT32: 2 | AU32: 1 | AV32: 2 | AW32: 1 | AX32: 1 | AY32: 2 | AZ32: 1 | BA32: 2 | BB32: 2 | BC32: 1 | BD32: 1 | BE32: 4 | BF32: 4 | BG32: 3 | BH32: 4 | BI32: 2 | BJ32: 4 | BK32: 3 | BL32: 3 | BM32: 4 | BN32: 3 | BO32: 5 | BP32: 5 | BQ32: 4 | BR32: 4 | BS32: =IF(COUNT(N32:W32)>=8,AVERAGE(N32:W32),"") | BT32: =IF(COUNT(X32:AE32)>=7,AVERAGE(X32:AE32),"") | BU32: =IF(COUNT(AF32:AM32)>=7,AVERAGE(AF32:AM32),"") | BV32: =IF(COUNT(AN32:AV32)>=8,AVERAGE(AN32:AV32),"") | BW32: =IF(COUNT(AW32:BD32)>=7,AVERAGE(AW32:BD32),"") | BX32: =IF(COUNT(BE32:BJ32)>=5,AVERAGE(BE32:BJ32),"") | BY32: =IF(COUNT(BK32:BR32)>=7,AVERAGE(BK32:BR32),"")
A33: R002 | B33: No | C33: No | D33: Male | E33: 35-44 | F33: Master's | G33: Commercial bank | H33: Risk/Compliance | I33: 11-15 | J33: Yes | K33: 0 | L33: No | M33: Yes | N33: 2 | O33: 2 | P33: 3 | Q33: 2 | R33: 2 | S33: 3 | T33: 1 | V33: 2 | W33: 2 | X33: 2 | Y33: 1 | Z33: 2 | AA33: 1 | AC33: 2 | AD33: 2 | AE33: 2 | AF33: 1 | AG33: 1 | AH33: 2 | AI33: 2 | AJ33: 1 | AK33: 2 | AL33: 2 | AM33: 2 | AN33: 3 | AO33: 2 | AP33: 2 | AQ33: 2 | AR33: 3 | AS33: 3 | AT33: 2 | AU33: 2 | AV33: 4 | AW33: 2 | AX33: 1 | AY33: 2 | AZ33: 2 | BA33: 3 | BB33: 2 | BC33: 2 | BD33: 2 | BE33: 3 | BF33: 3 | BG33: 2 | BH33: 3 | BI33: 3 | BK33: 5 | BL33: 4 | BM33: 5 | BN33: 4 | BO33: 5 | BP33: 3 | BQ33: 5 | BR33: 4 | BS33: =IF(COUNT(N33:W33)>=8,AVERAGE(N33:W33),"") | BT33: =IF(COUNT(X33:AE33)>=7,AVERAGE(X33:AE33),"") | BU33: =IF(COUNT(AF33:AM33)>=7,AVERAGE(AF33:AM33),"") | BV33: =IF(COUNT(AN33:AV33)>=8,AVERAGE(AN33:AV33),"") | BW33: =IF(COUNT(AW33:BD33)>=7,AVERAGE(AW33:BD33),"") | BX33: =IF(COUNT(BE33:BJ33)>=5,AVERAGE(BE33:BJ33),"") | BY33: =IF(COUNT(BK33:BR33)>=7,AVERAGE(BK33:BR33),"")
A34: R003 | B34: No | C34: No | D34: Female | E34: 35-44 | F34: Bachelor/HND | G34: Fintech/payment provider | H34: Customer Experience/Service | I34: 6-10 | J34: Yes | K34: 3 | L34: Yes | M34: Yes | N34: 2 | O34: 1 | P34: 3 | Q34: 1 | R34: 3 | S34: 2 | T34: 3 | U34: 4 | V34: 2 | W34: 4 | X34: 3 | Y34: 3 | Z34: 3 | AA34: 2 | AB34: 2 | AC34: 3 | AD34: 2 | AE34: 2 | AF34: 3 | AG34: 3 | AH34: 2 | AI34: 3 | AJ34: 2 | AK34: 3 | AM34: 3 | AN34: 3 | AO34: 3 | AP34: 5 | AQ34: 3 | AR34: 4 | AS34: 3 | AT34: 4 | AU34: 3 | AV34: 3 | AW34: 3 | AX34: 2 | AY34: 2 | AZ34: 2 | BA34: 3 | BB34: 4 | BC34: 2 | BD34: 2 | BE34: 2 | BF34: 2 | BG34: 1 | BH34: 3 | BI34: 3 | BJ34: 3 | BK34: 1 | BL34: 3 | BM34: 2 | BN34: 2 | BP34: 2 | BQ34: 4 | BR34: 2 | BS34: =IF(COUNT(N34:W34)>=8,AVERAGE(N34:W34),"") | BT34: =IF(COUNT(X34:AE34)>=7,AVERAGE(X34:AE34),"") | BU34: =IF(COUNT(AF34:AM34)>=7,AVERAGE(AF34:AM34),"") | BV34: =IF(COUNT(AN34:AV34)>=8,AVERAGE(AN34:AV34),"") | BW34: =IF(COUNT(AW34:BD34)>=7,AVERAGE(AW34:BD34),"") | BX34: =IF(COUNT(BE34:BJ34)>=5,AVERAGE(BE34:BJ34),"") | BY34: =IF(COUNT(BK34:BR34)>=7,AVERAGE(BK34:BR34),"")
A35: R004 | B35: No | C35: No | D35: Male | E35: 35-44 | F35: Bachelor/HND | G35: Commercial bank | H35: Relationship/Marketing | I35: 2-5 | J35: Yes | K35: 1 | L35: No | M35: Yes | N35: 3 | O35: 3 | P35: 4 | Q35: 4 | R35: 3 | S35: 4 | T35: 3 | U35: 4 | V35: 4 | W35: 4 | X35: 4 | Y35: 5 | Z35: 5 | AA35: 3 | AB35: 4 | AC35: 4 | AD35: 5 | AE35: 4 | AF35: 3 | AG35: 3 | AH35: 4 | AI35: 4 | AJ35: 4 | AK35: 4 | AL35: 5 | AM35: 3 | AN35: 3 | AO35: 4 | AP35: 5 | AQ35: 4 | AR35: 3 | AS35: 3 | AT35: 4 | AU35: 4 | AV35: 4 | AW35: 3 | AX35: 2 | AY35: 4 | AZ35: 3 | BA35: 4 | BB35: 3 | BC35: 3 | BD35: 3 | BE35: 3 | BF35: 2 | BG35: 2 | BH35: 2 | BI35: 4 | BJ35: 4 | BK35: 3 | BL35: 2 | BN35: 3 | BO35: 3 | BP35: 2 | BQ35: 2 | BR35: 2 | BS35: =IF(COUNT(N35:W35)>=8,AVERAGE(N35:W35),"") | BT35: =IF(COUNT(X35:AE35)>=7,AVERAGE(X35:AE35),"") | BU35: =IF(COUNT(AF35:AM35)>=7,AVERAGE(AF35:AM35),"") | BV35: =IF(COUNT(AN35:AV35)>=8,AVERAGE(AN35:AV35),"") | BW35: =IF(COUNT(AW35:BD35)>=7,AVERAGE(AW35:BD35),"") | BX35: =IF(COUNT(BE35:BJ35)>=5,AVERAGE(BE35:BJ35),"") | BY35: =IF(COUNT(BK35:BR35)>=7,AVERAGE(BK35:BR35),"")
A36: R005 | B36: No | C36: No | D36: Male | E36: 25-34 | F36: Bachelor/HND | G36: Microfinance bank | H36: Risk/Compliance | I36: 6-10 | J36: Yes | K36: 0 | L36: Do not know | M36: Yes | N36: 4 | O36: 3 | P36: 4 | Q36: 3 | R36: 3 | S36: 3 | T36: 4 | U36: 3 | V36: 4 | W36: 2 | X36: 2 | Y36: 3 | Z36: 2 | AA36: 2 | AB36: 1 | AC36: 3 | AD36: 2 | AE36: 1 | AG36: 2 | AH36: 2 | AI36: 3 | AJ36: 3 | AK36: 3 | AL36: 3 | AM36: 2 | AN36: 3 | AO36: 3 | AP36: 3 | AQ36: 3 | AR36: 3 | AS36: 3 | AT36: 3 | AU36: 2 | AV36: 3 | AW36: 4 | AX36: 2 | AY36: 2 | AZ36: 1 | BA36: 5 | BB36: 3 | BC36: 3 | BD36: 2 | BE36: 2 | BF36: 2 | BG36: 3 | BH36: 3 | BI36: 2 | BJ36: 4 | BK36: 4 | BL36: 3 | BM36: 5 | BN36: 3 | BO36: 4 | BP36: 5 | BQ36: 4 | BR36: 3 | BS36: =IF(COUNT(N36:W36)>=8,AVERAGE(N36:W36),"") | BT36: =IF(COUNT(X36:AE36)>=7,AVERAGE(X36:AE36),"") | BU36: =IF(COUNT(AF36:AM36)>=7,AVERAGE(AF36:AM36),"") | BV36: =IF(COUNT(AN36:AV36)>=8,AVERAGE(AN36:AV36),"") | BW36: =IF(COUNT(AW36:BD36)>=7,AVERAGE(AW36:BD36),"") | BX36: =IF(COUNT(BE36:BJ36)>=5,AVERAGE(BE36:BJ36),"") | BY36: =IF(COUNT(BK36:BR36)>=7,AVERAGE(BK36:BR36),"")
A37: R006 | B37: No | C37: Yes | D37: Female | E37: 25-34 | F37: Bachelor/HND | G37: Insurance/investment/other licensed financial institution | H37: Risk/Compliance | I37: 2-5 | J37: Yes | K37: 3 | L37: Yes | M37: No | N37: 4 | O37: 3 | P37: 3 | Q37: 2 | R37: 2 | S37: 4 | T37: 2 | U37: 3 | V37: 3 | W37: 3 | X37: 4 | Y37: 4 | Z37: 4 | AA37: 4 | AB37: 4 | AC37: 4 | AD37: 5 | AE37: 4 | AF37: 2 | AG37: 4 | AH37: 2 | AI37: 4 | AJ37: 3 | AK37: 3 | AL37: 4 | AM37: 3 | AN37: 4 | AO37: 4 | AP37: 3 | AQ37: 3 | AR37: 5 | AS37: 4 | AT37: 3 | AU37: 3 | AV37: 5 | AW37: 5 | AX37: 2 | AY37: 3 | AZ37: 3 | BA37: 3 | BB37: 3 | BC37: 3 | BD37: 3 | BE37: 4 | BF37: 3 | BG37: 4 | BH37: 4 | BJ37: 3 | BK37: 3 | BL37: 2 | BM37: 3 | BN37: 3 | BO37: 2 | BP37: 3 | BQ37: 2 | BR37: 3 | BS37: =IF(COUNT(N37:W37)>=8,AVERAGE(N37:W37),"") | BT37: =IF(COUNT(X37:AE37)>=7,AVERAGE(X37:AE37),"") | BU37: =IF(COUNT(AF37:AM37)>=7,AVERAGE(AF37:AM37),"") | BV37: =IF(COUNT(AN37:AV37)>=8,AVERAGE(AN37:AV37),"") | BW37: =IF(COUNT(AW37:BD37)>=7,AVERAGE(AW37:BD37),"") | BX37: =IF(COUNT(BE37:BJ37)>=5,AVERAGE(BE37:BJ37),"") | BY37: =IF(COUNT(BK37:BR37)>=7,AVERAGE(BK37:BR37),"")
A38: R007 | B38: No | C38: Yes | D38: Female | E38: 35-44 | F38: Bachelor/HND | G38: Digital bank/neobank | H38: Relationship/Marketing | I38: 2-5 | J38: Yes | K38: 0 | L38: Yes | M38: No | N38: 3 | O38: 3 | P38: 3 | Q38: 3 | R38: 4 | S38: 4 | T38: 4 | U38: 3 | V38: 5 | W38: 4 | X38: 4 | Y38: 3 | Z38: 4 | AA38: 3 | AB38: 3 | AC38: 4 | AD38: 5 | AE38: 3 | AF38: 4 | AG38: 4 | AH38: 2 | AI38: 4 | AJ38: 3 | AK38: 5 | AL38: 2 | AM38: 4 | AN38: 4 | AO38: 2 | AP38: 3 | AQ38: 3 | AR38: 4 | AS38: 2 | AT38: 2 | AU38: 3 | AV38: 3 | AW38: 5 | AX38: 3 | AY38: 4 | AZ38: 5 | BA38: 4 | BB38: 4 | BC38: 3 | BD38: 3 | BE38: 3 | BF38: 3 | BG38: 2 | BH38: 3 | BI38: 2 | BJ38: 3 | BK38: 3 | BL38: 3 | BM38: 2 | BN38: 2 | BO38: 3 | BP38: 2 | BQ38: 4 | BR38: 1 | BS38: =IF(COUNT(N38:W38)>=8,AVERAGE(N38:W38),"") | BT38: =IF(COUNT(X38:AE38)>=7,AVERAGE(X38:AE38),"") | BU38: =IF(COUNT(AF38:AM38)>=7,AVERAGE(AF38:AM38),"") | BV38: =IF(COUNT(AN38:AV38)>=8,AVERAGE(AN38:AV38),"") | BW38: =IF(COUNT(AW38:BD38)>=7,AVERAGE(AW38:BD38),"") | BX38: =IF(COUNT(BE38:BJ38)>=5,AVERAGE(BE38:BJ38),"") | BY38: =IF(COUNT(BK38:BR38)>=7,AVERAGE(BK38:BR38),"")
A39: R008 | B39: No | C39: Yes | D39: Female | E39: 25-34 | F39: Bachelor/HND | G39: Digital bank/neobank | H39: Relationship/Marketing | I39: 6-10 | J39: Yes | K39: 3 | L39: No | M39: No | N39: 3 | O39: 2 | P39: 3 | Q39: 3 | R39: 3 | S39: 3 | T39: 3 | U39: 2 | V39: 3 | W39: 4 | X39: 3 | Y39: 3 | Z39: 3 | AA39: 3 | AB39: 3 | AC39: 4 | AD39: 3 | AE39: 3 | AF39: 3 | AG39: 4 | AH39: 3 | AI39: 3 | AJ39: 3 | AK39: 4 | AL39: 4 | AM39: 4 | AN39: 4 | AO39: 3 | AP39: 5 | AQ39: 3 | AS39: 4 | AT39: 5 | AU39: 4 | AV39: 4 | AW39: 4 | AX39: 3 | AY39: 4 | AZ39: 4 | BA39: 4 | BB39: 3 | BC39: 4 | BD39: 4 | BE39: 4 | BF39: 3 | BG39: 4 | BH39: 5 | BI39: 4 | BJ39: 3 | BK39: 3 | BL39: 3 | BM39: 4 | BN39: 2 | BO39: 3 | BP39: 4 | BQ39: 3 | BR39: 3 | BS39: =IF(COUNT(N39:W39)>=8,AVERAGE(N39:W39),"") | BT39: =IF(COUNT(X39:AE39)>=7,AVERAGE(X39:AE39),"") | BU39: =IF(COUNT(AF39:AM39)>=7,AVERAGE(AF39:AM39),"") | BV39: =IF(COUNT(AN39:AV39)>=8,AVERAGE(AN39:AV39),"") | BW39: =IF(COUNT(AW39:BD39)>=7,AVERAGE(AW39:BD39),"") | BX39: =IF(COUNT(BE39:BJ39)>=5,AVERAGE(BE39:BJ39),"") | BY39: =IF(COUNT(BK39:BR39)>=7,AVERAGE(BK39:BR39),"")
A40: R009 | B40: Yes | C40: Yes | D40: Male | E40: 25-34 | F40: Master's | G40: Microfinance bank | H40: Relationship/Marketing | I40: 6-10 | J40: Yes | K40: 2 | L40: Yes | M40: Yes | N40: 2 | O40: 3 | P40: 2 | Q40: 1 | R40: 1 | S40: 3 | T40: 2 | U40: 1 | V40: 3 | W40: 2 | X40: 4 | Y40: 3 | Z40: 4 | AA40: 3 | AB40: 3 | AC40: 3 | AD40: 3 | AE40: 3 | AF40: 3 | AG40: 4 | AH40: 3 | AI40: 4 | AJ40: 4 | AK40: 2 | AL40: 3 | AM40: 3 | AN40: 4 | AO40: 3 | AP40: 4 | AQ40: 4 | AR40: 3 | AS40: 4 | AT40: 4 | AU40: 3 | AV40: 5 | AW40: 4 | AX40: 4 | AY40: 3 | AZ40: 3 | BA40: 5 | BB40: 4 | BC40: 3 | BD40: 3 | BE40: 2 | BF40: 3 | BG40: 2 | BH40: 3 | BI40: 2 | BJ40: 1 | BK40: 4 | BL40: 4 | BM40: 4 | BN40: 4 | BO40: 4 | BP40: 4 | BQ40: 4 | BR40: 2 | BS40: =IF(COUNT(N40:W40)>=8,AVERAGE(N40:W40),"") | BT40: =IF(COUNT(X40:AE40)>=7,AVERAGE(X40:AE40),"") | BU40: =IF(COUNT(AF40:AM40)>=7,AVERAGE(AF40:AM40),"") | BV40: =IF(COUNT(AN40:AV40)>=8,AVERAGE(AN40:AV40),"") | BW40: =IF(COUNT(AW40:BD40)>=7,AVERAGE(AW40:BD40),"") | BX40: =IF(COUNT(BE40:BJ40)>=5,AVERAGE(BE40:BJ40),"") | BY40: =IF(COUNT(BK40:BR40)>=7,AVERAGE(BK40:BR40),"")
A41: R010 | B41: Yes | C41: Yes | D41: Prefer not to say | E41: 18-24 | F41: Master's | G41: Commercial bank | H41: IT/Technology | I41: 2-5 | J41: Yes | K41: 3 | L41: No | M41: Yes | N41: 4 | O41: 3 | P41: 4 | Q41: 3 | R41: 3 | S41: 4 | T41: 3 | U41: 3 | V41: 3 | W41: 3 | X41: 3 | Y41: 3 | Z41: 3 | AA41: 4 | AB41: 3 | AC41: 3 | AD41: 4 | AE41: 2 | AF41: 3 | AG41: 3 | AH41: 3 | AI41: 3 | AJ41: 2 | AK41: 3 | AL41: 3 | AM41: 2 | AN41: 4 | AO41: 3 | AP41: 4 | AQ41: 2 | AR41: 3 | AS41: 3 | AT41: 4 | AU41: 3 | AV41: 3 | AW41: 3 | AX41: 3 | AY41: 3 | AZ41: 3 | BA41: 4 | BC41: 3 | BD41: 2 | BE41: 4 | BF41: 5 | BG41: 4 | BH41: 4 | BI41: 5 | BJ41: 3 | BK41: 3 | BL41: 3 | BM41: 3 | BN41: 3 | BO41: 4 | BP41: 3 | BQ41: 5 | BR41: 3 | BS41: =IF(COUNT(N41:W41)>=8,AVERAGE(N41:W41),"") | BT41: =IF(COUNT(X41:AE41)>=7,AVERAGE(X41:AE41),"") | BU41: =IF(COUNT(AF41:AM41)>=7,AVERAGE(AF41:AM41),"") | BV41: =IF(COUNT(AN41:AV41)>=8,AVERAGE(AN41:AV41),"") | BW41: =IF(COUNT(AW41:BD41)>=7,AVERAGE(AW41:BD41),"") | BX41: =IF(COUNT(BE41:BJ41)>=5,AVERAGE(BE41:BJ41),"") | BY41: =IF(COUNT(BK41:BR41)>=7,AVERAGE(BK41:BR41),"")
A42: R011 | B42: Yes | C42: Yes | D42: Female | E42: 25-34 | F42: Other | G42: Commercial bank | H42: Customer Experience/Service | I42: Less than 2 | J42: Yes | K42: 1 | L42: No | M42: Yes | N42: 2 | O42: 4 | P42: 4 | Q42: 3 | R42: 3 | S42: 4 | T42: 2 | U42: 4 | V42: 4 | W42: 3 | X42: 3 | Y42: 2 | Z42: 4 | AA42: 1 | AB42: 4 | AC42: 2 | AD42: 3 | AE42: 3 | AF42: 2 | AG42: 5 | AH42: 3 | AI42: 4 | AJ42: 2 | AK42: 3 | AL42: 4 | AM42: 3 | AN42: 3 | AO42: 2 | AP42: 3 | AQ42: 1 | AR42: 2 | AS42: 1 | AT42: 2 | AU42: 2 | AV42: 2 | AW42: 4 | AX42: 4 | AY42: 4 | AZ42: 3 | BA42: 5 | BB42: 3 | BC42: 3 | BD42: 4 | BE42: 4 | BF42: 4 | BG42: 3 | BH42: 5 | BI42: 4 | BJ42: 3 | BK42: 3 | BL42: 4 | BM42: 4 | BN42: 2 | BO42: 3 | BP42: 2 | BQ42: 2 | BR42: 2 | BS42: =IF(COUNT(N42:W42)>=8,AVERAGE(N42:W42),"") | BT42: =IF(COUNT(X42:AE42)>=7,AVERAGE(X42:AE42),"") | BU42: =IF(COUNT(AF42:AM42)>=7,AVERAGE(AF42:AM42),"") | BV42: =IF(COUNT(AN42:AV42)>=8,AVERAGE(AN42:AV42),"") | BW42: =IF(COUNT(AW42:BD42)>=7,AVERAGE(AW42:BD42),"") | BX42: =IF(COUNT(BE42:BJ42)>=5,AVERAGE(BE42:BJ42),"") | BY42: =IF(COUNT(BK42:BR42)>=7,AVERAGE(BK42:BR42),"")
A43: R012 | B43: Yes | C43: Yes | D43: Female | E43: 45-54 | F43: Bachelor/HND | G43: Fintech/payment provider | H43: Customer Experience/Service | I43: Less than 2 | J43: Yes | K43: 2 | L43: Yes | M43: Yes | N43: 2 | O43: 2 | P43: 2 | Q43: 3 | R43: 3 | S43: 4 | T43: 2 | U43: 2 | V43: 2 | W43: 4 | X43: 4 | Y43: 3 | Z43: 4 | AA43: 4 | AB43: 4 | AC43: 3 | AD43: 3 | AE43: 3 | AF43: 4 | AG43: 4 | AH43: 3 | AI43: 5 | AJ43: 3 | AK43: 5 | AL43: 3 | AM43: 4 | AN43: 4 | AO43: 2 | AP43: 3 | AR43: 4 | AS43: 4 | AT43: 3 | AU43: 3 | AV43: 3 | AX43: 3 | AY43: 3 | AZ43: 4 | BA43: 5 | BB43: 4 | BC43: 4 | BD43: 4 | BE43: 4 | BF43: 4 | BG43: 4 | BH43: 4 | BI43: 3 | BJ43: 3 | BK43: 5 | BL43: 3 | BM43: 4 | BN43: 3 | BO43: 4 | BP43: 4 | BQ43: 4 | BR43: 4 | BS43: =IF(COUNT(N43:W43)>=8,AVERAGE(N43:W43),"") | BT43: =IF(COUNT(X43:AE43)>=7,AVERAGE(X43:AE43),"") | BU43: =IF(COUNT(AF43:AM43)>=7,AVERAGE(AF43:AM43),"") | BV43: =IF(COUNT(AN43:AV43)>=8,AVERAGE(AN43:AV43),"") | BW43: =IF(COUNT(AW43:BD43)>=7,AVERAGE(AW43:BD43),"") | BX43: =IF(COUNT(BE43:BJ43)>=5,AVERAGE(BE43:BJ43),"") | BY43: =IF(COUNT(BK43:BR43)>=7,AVERAGE(BK43:BR43),"")
A44: R013 | B44: Yes | C44: Yes | D44: Male | E44: 35-44 | F44: Master's | G44: Insurance/investment/other licensed financial institution | H44: Data/Analytics/AI | I44: 11-15 | J44: Yes | K44: 4 | L44: Yes | M44: Yes | N44: 3 | O44: 3 | P44: 3 | Q44: 1 | R44: 3 | S44: 3 | T44: 2 | U44: 2 | V44: 3 | W44: 2 | X44: 2 | Y44: 2 | Z44: 1 | AA44: 1 | AB44: 1 | AC44: 1 | AD44: 1 | AF44: 2 | AG44: 2 | AH44: 1 | AI44: 3 | AJ44: 2 | AK44: 1 | AL44: 2 | AM44: 2 | AN44: 1 | AO44: 3 | AP44: 4 | AQ44: 3 | AR44: 4 | AS44: 3 | AT44: 4 | AU44: 3 | AV44: 3 | AW44: 3 | AX44: 2 | AY44: 3 | AZ44: 3 | BA44: 3 | BB44: 3 | BC44: 2 | BD44: 2 | BE44: 4 | BF44: 4 | BG44: 2 | BH44: 4 | BI44: 3 | BJ44: 3 | BK44: 2 | BL44: 1 | BM44: 3 | BN44: 3 | BP44: 2 | BQ44: 3 | BR44: 3 | BS44: =IF(COUNT(N44:W44)>=8,AVERAGE(N44:W44),"") | BT44: =IF(COUNT(X44:AE44)>=7,AVERAGE(X44:AE44),"") | BU44: =IF(COUNT(AF44:AM44)>=7,AVERAGE(AF44:AM44),"") | BV44: =IF(COUNT(AN44:AV44)>=8,AVERAGE(AN44:AV44),"") | BW44: =IF(COUNT(AW44:BD44)>=7,AVERAGE(AW44:BD44),"") | BX44: =IF(COUNT(BE44:BJ44)>=5,AVERAGE(BE44:BJ44),"") | BY44: =IF(COUNT(BK44:BR44)>=7,AVERAGE(BK44:BR44),"")
A45: R014 | B45: Yes | C45: Yes | D45: Male | E45: 18-24 | F45: Diploma/OND/NCE | G45: Commercial bank | H45: Digital Banking/Product | I45: 6-10 | J45: Yes | K45: 4 | L45: Yes | M45: Yes | N45: 3 | O45: 3 | P45: 4 | Q45: 2 | R45: 3 | S45: 2 | T45: 3 | U45: 3 | V45: 4 | W45: 3 | X45: 4 | Y45: 3 | Z45: 4 | AA45: 3 | AB45: 4 | AC45: 4 | AD45: 4 | AE45: 4 | AF45: 4 | AG45: 5 | AH45: 5 | AI45: 5 | AJ45: 5 | AK45: 5 | AL45: 5 | AM45: 5 | AN45: 3 | AO45: 2 | AP45: 2 | AQ45: 2 | AR45: 4 | AS45: 2 | AT45: 2 | AU45: 2 | AV45: 3 | AW45: 3 | AX45: 4 | AY45: 4 | AZ45: 4 | BA45: 5 | BB45: 4 | BC45: 4 | BD45: 4 | BE45: 4 | BF45: 5 | BG45: 5 | BI45: 4 | BJ45: 4 | BK45: 5 | BL45: 5 | BM45: 3 | BN45: 4 | BO45: 5 | BP45: 5 | BQ45: 5 | BR45: 4 | BS45: =IF(COUNT(N45:W45)>=8,AVERAGE(N45:W45),"") | BT45: =IF(COUNT(X45:AE45)>=7,AVERAGE(X45:AE45),"") | BU45: =IF(COUNT(AF45:AM45)>=7,AVERAGE(AF45:AM45),"") | BV45: =IF(COUNT(AN45:AV45)>=8,AVERAGE(AN45:AV45),"") | BW45: =IF(COUNT(AW45:BD45)>=7,AVERAGE(AW45:BD45),"") | BX45: =IF(COUNT(BE45:BJ45)>=5,AVERAGE(BE45:BJ45),"") | BY45: =IF(COUNT(BK45:BR45)>=7,AVERAGE(BK45:BR45),"")
A46: R015 | B46: Yes | C46: Yes | D46: Male | E46: 35-44 | F46: Bachelor/HND | G46: Commercial bank | H46: Customer Experience/Service | I46: 6-10 | J46: Yes | K46: 2 | L46: Yes | M46: Yes | N46: 2 | O46: 2 | P46: 3 | Q46: 1 | R46: 1 | S46: 1 | T46: 1 | U46: 2 | V46: 3 | W46: 1 | X46: 4 | Y46: 4 | Z46: 4 | AA46: 4 | AB46: 3 | AC46: 4 | AD46: 4 | AE46: 3 | AF46: 4 | AG46: 3 | AH46: 4 | AI46: 4 | AK46: 5 | AL46: 3 | AM46: 5 | AN46: 4 | AO46: 3 | AP46: 3 | AQ46: 3 | AR46: 4 | AS46: 3 | AT46: 4 | AU46: 4 | AV46: 3 | AW46: 4 | AX46: 2 | AY46: 4 | AZ46: 2 | BA46: 4 | BB46: 3 | BC46: 4 | BD46: 3 | BE46: 2 | BF46: 2 | BG46: 1 | BH46: 2 | BI46: 3 | BJ46: 2 | BK46: 1 | BL46: 1 | BM46: 2 | BO46: 2 | BP46: 2 | BQ46: 2 | BR46: 1 | BS46: =IF(COUNT(N46:W46)>=8,AVERAGE(N46:W46),"") | BT46: =IF(COUNT(X46:AE46)>=7,AVERAGE(X46:AE46),"") | BU46: =IF(COUNT(AF46:AM46)>=7,AVERAGE(AF46:AM46),"") | BV46: =IF(COUNT(AN46:AV46)>=8,AVERAGE(AN46:AV46),"") | BW46: =IF(COUNT(AW46:BD46)>=7,AVERAGE(AW46:BD46),"") | BX46: =IF(COUNT(BE46:BJ46)>=5,AVERAGE(BE46:BJ46),"") | BY46: =IF(COUNT(BK46:BR46)>=7,AVERAGE(BK46:BR46),"")
A47: R016 | B47: Yes | C47: Yes | D47: Prefer not to say | E47: 25-34 | F47: Bachelor/HND | G47: Microfinance bank | H47: Customer Experience/Service | I47: 6-10 | J47: Yes | K47: 2 | L47: Yes | M47: Yes | N47: 3 | O47: 4 | P47: 4 | Q47: 3 | R47: 4 | S47: 4 | T47: 2 | U47: 3 | W47: 4 | X47: 4 | Y47: 1 | Z47: 3 | AA47: 3 | AB47: 2 | AC47: 3 | AD47: 3 | AE47: 3 | AF47: 3 | AG47: 3 | AH47: 2 | AI47: 2 | AJ47: 3 | AK47: 3 | AL47: 2 | AM47: 3 | AO47: 3 | AP47: 4 | AQ47: 2 | AR47: 5 | AS47: 3 | AT47: 4 | AU47: 2 | AV47: 4 | AW47: 4 | AX47: 4 | AY47: 4 | BA47: 4 | BB47: 2 | BC47: 3 | BD47: 3 | BE47: 4 | BF47: 4 | BG47: 4 | BH47: 5 | BI47: 4 | BJ47: 3 | BK47: 4 | BL47: 3 | BM47: 5 | BN47: 4 | BO47: 4 | BP47: 4 | BQ47: 4 | BR47: 3 | BS47: =IF(COUNT(N47:W47)>=8,AVERAGE(N47:W47),"") | BT47: =IF(COUNT(X47:AE47)>=7,AVERAGE(X47:AE47),"") | BU47: =IF(COUNT(AF47:AM47)>=7,AVERAGE(AF47:AM47),"") | BV47: =IF(COUNT(AN47:AV47)>=8,AVERAGE(AN47:AV47),"") | BW47: =IF(COUNT(AW47:BD47)>=7,AVERAGE(AW47:BD47),"") | BX47: =IF(COUNT(BE47:BJ47)>=5,AVERAGE(BE47:BJ47),"") | BY47: =IF(COUNT(BK47:BR47)>=7,AVERAGE(BK47:BR47),"")
A48: R017 | B48: Yes | C48: Yes | D48: Male | E48: 25-34 | F48: Master's | G48: Insurance/investment/other licensed financial institution | H48: IT/Technology | I48: 2-5 | J48: Yes | K48: 0 | L48: No | M48: Yes | N48: 2 | O48: 1 | P48: 3 | Q48: 2 | R48: 1 | S48: 3 | T48: 2 | U48: 2 | V48: 3 | W48: 2 | X48: 1 | Y48: 1 | Z48: 1 | AA48: 1 | AB48: 1 | AC48: 1 | AD48: 1 | AE48: 1 | AF48: 1 | AH48: 1 | AI48: 2 | AJ48: 1 | AK48: 1 | AL48: 1 | AM48: 1 | AN48: 2 | AO48: 1 | AP48: 2 | AQ48: 1 | AR48: 1 | AS48: 1 | AT48: 2 | AU48: 1 | AV48: 2 | AW48: 2 | AX48: 1 | AY48: 3 | AZ48: 1 | BA48: 1 | BB48: 1 | BC48: 2 | BD48: 1 | BF48: 2 | BG48: 3 | BH48: 4 | BI48: 3 | BJ48: 2 | BK48: 2 | BL48: 3 | BM48: 3 | BN48: 2 | BO48: 3 | BP48: 2 | BQ48: 3 | BS48: =IF(COUNT(N48:W48)>=8,AVERAGE(N48:W48),"") | BT48: =IF(COUNT(X48:AE48)>=7,AVERAGE(X48:AE48),"") | BU48: =IF(COUNT(AF48:AM48)>=7,AVERAGE(AF48:AM48),"") | BV48: =IF(COUNT(AN48:AV48)>=8,AVERAGE(AN48:AV48),"") | BW48: =IF(COUNT(AW48:BD48)>=7,AVERAGE(AW48:BD48),"") | BX48: =IF(COUNT(BE48:BJ48)>=5,AVERAGE(BE48:BJ48),"") | BY48: =IF(COUNT(BK48:BR48)>=7,AVERAGE(BK48:BR48),"")
A49: R018 | B49: Yes | C49: Yes | D49: Male | E49: 35-44 | F49: Bachelor/HND | G49: Fintech/payment provider | H49: Relationship/Marketing | I49: 2-5 | J49: Yes | K49: 1 | L49: Do not know | M49: Yes | N49: 2 | O49: 3 | P49: 2 | Q49: 1 | R49: 2 | S49: 3 | T49: 2 | U49: 3 | V49: 3 | W49: 2 | X49: 4 | Y49: 3 | Z49: 5 | AA49: 3 | AB49: 3 | AC49: 4 | AD49: 3 | AE49: 3 | AF49: 3 | AG49: 3 | AH49: 1 | AI49: 4 | AJ49: 2 | AK49: 3 | AL49: 3 | AM49: 1 | AN49: 4 | AO49: 3 | AP49: 3 | AQ49: 3 | AR49: 3 | AS49: 3 | AT49: 3 | AU49: 3 | AV49: 3 | AW49: 2 | AX49: 2 | AY49: 1 | AZ49: 1 | BA49: 3 | BB49: 2 | BC49: 2 | BD49: 2 | BE49: 4 | BF49: 3 | BG49: 1 | BH49: 3 | BI49: 3 | BJ49: 3 | BK49: 1 | BL49: 1 | BM49: 2 | BN49: 1 | BO49: 2 | BP49: 2 | BQ49: 3 | BR49: 2 | BS49: =IF(COUNT(N49:W49)>=8,AVERAGE(N49:W49),"") | BT49: =IF(COUNT(X49:AE49)>=7,AVERAGE(X49:AE49),"") | BU49: =IF(COUNT(AF49:AM49)>=7,AVERAGE(AF49:AM49),"") | BV49: =IF(COUNT(AN49:AV49)>=8,AVERAGE(AN49:AV49),"") | BW49: =IF(COUNT(AW49:BD49)>=7,AVERAGE(AW49:BD49),"") | BX49: =IF(COUNT(BE49:BJ49)>=5,AVERAGE(BE49:BJ49),"") | BY49: =IF(COUNT(BK49:BR49)>=7,AVERAGE(BK49:BR49),"")
A50: R019 | B50: Yes | C50: Yes | D50: Male | E50: 18-24 | F50: Bachelor/HND | G50: Insurance/investment/other licensed financial institution | H50: Customer Experience/Service | I50: Less than 2 | J50: Yes | K50: 4 | L50: Yes | M50: Yes | N50: 4 | O50: 4 | P50: 4 | Q50: 3 | R50: 4 | S50: 3 | T50: 3 | U50: 3 | V50: 5 | W50: 5 | X50: 4 | Y50: 3 | AA50: 3 | AB50: 3 | AC50: 4 | AD50: 4 | AE50: 4 | AF50: 3 | AG50: 3 | AH50: 3 | AI50: 4 | AJ50: 3 | AK50: 3 | AL50: 2 | AM50: 3 | AN50: 4 | AO50: 3 | AP50: 3 | AQ50: 4 | AR50: 3 | AS50: 2 | AT50: 5 | AU50: 2 | AV50: 3 | AX50: 3 | AY50: 4 | AZ50: 3 | BA50: 3 | BB50: 4 | BC50: 3 | BD50: 3 | BE50: 3 | BF50: 5 | BG50: 2 | BH50: 3 | BI50: 2 | BJ50: 3 | BK50: 4 | BL50: 2 | BM50: 2 | BN50: 3 | BO50: 3 | BP50: 3 | BQ50: 3 | BR50: 2 | BS50: =IF(COUNT(N50:W50)>=8,AVERAGE(N50:W50),"") | BT50: =IF(COUNT(X50:AE50)>=7,AVERAGE(X50:AE50),"") | BU50: =IF(COUNT(AF50:AM50)>=7,AVERAGE(AF50:AM50),"") | BV50: =IF(COUNT(AN50:AV50)>=8,AVERAGE(AN50:AV50),"") | BW50: =IF(COUNT(AW50:BD50)>=7,AVERAGE(AW50:BD50),"") | BX50: =IF(COUNT(BE50:BJ50)>=5,AVERAGE(BE50:BJ50),"") | BY50: =IF(COUNT(BK50:BR50)>=7,AVERAGE(BK50:BR50),"")
A51: R020 | B51: Yes | C51: Yes | D51: Male | E51: 55 or above | F51: Bachelor/HND | G51: Microfinance bank | H51: Digital Banking/Product | I51: 6-10 | J51: Yes | K51: 2 | L51: Yes | M51: Yes | N51: 4 | O51: 4 | P51: 5 | Q51: 3 | R51: 3 | S51: 4 | T51: 3 | U51: 4 | V51: 3 | W51: 4 | X51: 3 | Y51: 2 | Z51: 1 | AA51: 2 | AB51: 1 | AC51: 2 | AD51: 1 | AE51: 1 | AF51: 2 | AG51: 2 | AH51: 2 | AJ51: 3 | AK51: 2 | AL51: 2 | AM51: 2 | AN51: 3 | AO51: 2 | AP51: 3 | AQ51: 3 | AR51: 3 | AT51: 2 | AU51: 3 | AV51: 4 | AW51: 4 | AX51: 2 | AY51: 3 | AZ51: 2 | BA51: 2 | BB51: 1 | BC51: 3 | BD51: 1 | BE51: 4 | BF51: 3 | BG51: 3 | BH51: 4 | BJ51: 4 | BK51: 3 | BL51: 3 | BM51: 3 | BN51: 4 | BO51: 4 | BP51: 3 | BQ51: 3 | BR51: 2 | BS51: =IF(COUNT(N51:W51)>=8,AVERAGE(N51:W51),"") | BT51: =IF(COUNT(X51:AE51)>=7,AVERAGE(X51:AE51),"") | BU51: =IF(COUNT(AF51:AM51)>=7,AVERAGE(AF51:AM51),"") | BV51: =IF(COUNT(AN51:AV51)>=8,AVERAGE(AN51:AV51),"") | BW51: =IF(COUNT(AW51:BD51)>=7,AVERAGE(AW51:BD51),"") | BX51: =IF(COUNT(BE51:BJ51)>=5,AVERAGE(BE51:BJ51),"") | BY51: =IF(COUNT(BK51:BR51)>=7,AVERAGE(BK51:BR51),"")
A52: R021 | B52: Yes | C52: Yes | D52: Male | E52: 25-34 | F52: Bachelor/HND | G52: Merchant bank | H52: Digital Banking/Product | I52: 11-15 | J52: Yes | K52: 3 | L52: Yes | M52: Yes | N52: 4 | O52: 2 | P52: 4 | Q52: 2 | R52: 4 | S52: 4 | T52: 3 | U52: 4 | V52: 3 | W52: 3 | X52: 5 | Y52: 4 | Z52: 4 | AA52: 3 | AB52: 3 | AC52: 5 | AD52: 4 | AE52: 3 | AF52: 3 | AH52: 3 | AI52: 3 | AJ52: 2 | AK52: 3 | AL52: 2 | AM52: 4 | AN52: 5 | AO52: 4 | AP52: 5 | AQ52: 4 | AR52: 4 | AS52: 5 | AT52: 4 | AU52: 5 | AV52: 4 | AW52: 4 | AX52: 4 | AY52: 4 | AZ52: 4 | BA52: 4 | BB52: 5 | BC52: 3 | BD52: 3 | BE52: 4 | BF52: 5 | BG52: 3 | BH52: 3 | BI52: 4 | BJ52: 3 | BK52: 4 | BL52: 3 | BM52: 5 | BN52: 3 | BO52: 4 | BP52: 5 | BQ52: 5 | BR52: 4 | BS52: =IF(COUNT(N52:W52)>=8,AVERAGE(N52:W52),"") | BT52: =IF(COUNT(X52:AE52)>=7,AVERAGE(X52:AE52),"") | BU52: =IF(COUNT(AF52:AM52)>=7,AVERAGE(AF52:AM52),"") | BV52: =IF(COUNT(AN52:AV52)>=8,AVERAGE(AN52:AV52),"") | BW52: =IF(COUNT(AW52:BD52)>=7,AVERAGE(AW52:BD52),"") | BX52: =IF(COUNT(BE52:BJ52)>=5,AVERAGE(BE52:BJ52),"") | BY52: =IF(COUNT(BK52:BR52)>=7,AVERAGE(BK52:BR52),"")
A53: R022 | B53: Yes | C53: Yes | D53: Female | E53: 35-44 | F53: Bachelor/HND | G53: Commercial bank | H53: Risk/Compliance | I53: 6-10 | J53: Yes | K53: 3 | L53: Yes | M53: Yes | N53: 4 | O53: 3 | P53: 3 | Q53: 3 | R53: 3 | S53: 3 | T53: 2 | U53: 3 | V53: 3 | W53: 2 | X53: 4 | Y53: 3 | Z53: 3 | AA53: 3 | AB53: 2 | AC53: 3 | AD53: 3 | AE53: 3 | AF53: 3 | AG53: 3 | AH53: 3 | AI53: 3 | AJ53: 3 | AK53: 3 | AL53: 3 | AM53: 2 | AN53: 3 | AO53: 3 | AP53: 2 | AQ53: 3 | AR53: 3 | AS53: 1 | AT53: 2 | AU53: 2 | AV53: 1 | AW53: 3 | AX53: 2 | AY53: 3 | AZ53: 2 | BA53: 2 | BB53: 3 | BC53: 3 | BD53: 2 | BE53: 3 | BF53: 4 | BG53: 2 | BH53: 3 | BI53: 3 | BJ53: 3 | BK53: 3 | BL53: 3 | BM53: 3 | BN53: 2 | BO53: 4 | BP53: 4 | BQ53: 4 | BR53: 2 | BS53: =IF(COUNT(N53:W53)>=8,AVERAGE(N53:W53),"") | BT53: =IF(COUNT(X53:AE53)>=7,AVERAGE(X53:AE53),"") | BU53: =IF(COUNT(AF53:AM53)>=7,AVERAGE(AF53:AM53),"") | BV53: =IF(COUNT(AN53:AV53)>=8,AVERAGE(AN53:AV53),"") | BW53: =IF(COUNT(AW53:BD53)>=7,AVERAGE(AW53:BD53),"") | BX53: =IF(COUNT(BE53:BJ53)>=5,AVERAGE(BE53:BJ53),"") | BY53: =IF(COUNT(BK53:BR53)>=7,AVERAGE(BK53:BR53),"")
A54: R023 | B54: Yes | C54: Yes | D54: Female | E54: 25-34 | F54: Master's | G54: Commercial bank | H54: Digital Banking/Product | I54: Less than 2 | J54: Yes | K54: 0 | L54: No | M54: Yes | N54: 2 | O54: 2 | P54: 3 | Q54: 2 | R54: 2 | S54: 2 | T54: 2 | U54: 1 | V54: 3 | W54: 2 | X54: 3 | Y54: 3 | Z54: 2 | AA54: 2 | AB54: 2 | AC54: 2 | AD54: 2 | AE54: 3 | AF54: 5 | AG54: 2 | AH54: 4 | AI54: 3 | AJ54: 4 | AK54: 3 | AL54: 2 | AM54: 2 | AN54: 3 | AO54: 2 | AP54: 2 | AQ54: 3 | AR54: 2 | AS54: 2 | AT54: 3 | AU54: 2 | AV54: 3 | AW54: 3 | AX54: 2 | AY54: 2 | AZ54: 4 | BA54: 4 | BB54: 2 | BC54: 4 | BD54: 2 | BE54: 1 | BG54: 1 | BH54: 3 | BI54: 1 | BJ54: 1 | BK54: 4 | BL54: 2 | BM54: 4 | BN54: 3 | BO54: 4 | BP54: 3 | BQ54: 4 | BR54: 4 | BS54: =IF(COUNT(N54:W54)>=8,AVERAGE(N54:W54),"") | BT54: =IF(COUNT(X54:AE54)>=7,AVERAGE(X54:AE54),"") | BU54: =IF(COUNT(AF54:AM54)>=7,AVERAGE(AF54:AM54),"") | BV54: =IF(COUNT(AN54:AV54)>=8,AVERAGE(AN54:AV54),"") | BW54: =IF(COUNT(AW54:BD54)>=7,AVERAGE(AW54:BD54),"") | BX54: =IF(COUNT(BE54:BJ54)>=5,AVERAGE(BE54:BJ54),"") | BY54: =IF(COUNT(BK54:BR54)>=7,AVERAGE(BK54:BR54),"")
A55: R024 | B55: Yes | C55: Yes | D55: Male | E55: 35-44 | F55: Master's | G55: Fintech/payment provider | H55: Other | I55: 2-5 | J55: Yes | K55: 1 | L55: Do not know | M55: Yes | N55: 4 | O55: 3 | P55: 5 | Q55: 3 | R55: 3 | S55: 4 | T55: 4 | U55: 4 | V55: 5 | W55: 4 | X55: 3 | Y55: 1 | Z55: 3 | AA55: 1 | AB55: 2 | AC55: 3 | AD55: 2 | AE55: 1 | AF55: 3 | AG55: 3 | AH55: 1 | AI55: 3 | AJ55: 3 | AK55: 4 | AL55: 2 | AM55: 3 | AN55: 4 | AO55: 2 | AP55: 3 | AQ55: 3 | AR55: 2 | AS55: 3 | AT55: 2 | AU55: 3 | AV55: 1 | AW55: 2 | AY55: 2 | AZ55: 2 | BA55: 2 | BB55: 1 | BC55: 2 | BD55: 2 | BE55: 2 | BF55: 3 | BG55: 2 | BH55: 3 | BI55: 3 | BJ55: 2 | BK55: 3 | BL55: 3 | BM55: 3 | BN55: 3 | BO55: 4 | BP55: 3 | BQ55: 4 | BR55: 3 | BS55: =IF(COUNT(N55:W55)>=8,AVERAGE(N55:W55),"") | BT55: =IF(COUNT(X55:AE55)>=7,AVERAGE(X55:AE55),"") | BU55: =IF(COUNT(AF55:AM55)>=7,AVERAGE(AF55:AM55),"") | BV55: =IF(COUNT(AN55:AV55)>=8,AVERAGE(AN55:AV55),"") | BW55: =IF(COUNT(AW55:BD55)>=7,AVERAGE(AW55:BD55),"") | BX55: =IF(COUNT(BE55:BJ55)>=5,AVERAGE(BE55:BJ55),"") | BY55: =IF(COUNT(BK55:BR55)>=7,AVERAGE(BK55:BR55),"")
A56: R025 | B56: Yes | C56: Yes | D56: Male | E56: 25-34 | F56: Master's | G56: Commercial bank | H56: Digital Banking/Product | I56: 6-10 | J56: Yes | K56: 1 | L56: Yes | M56: Yes | O56: 1 | P56: 2 | Q56: 2 | R56: 2 | S56: 2 | T56: 2 | U56: 2 | V56: 3 | W56: 2 | X56: 3 | Y56: 3 | Z56: 3 | AA56: 2 | AB56: 3 | AC56: 3 | AD56: 3 | AE56: 2 | AF56: 2 | AG56: 2 | AH56: 2 | AI56: 3 | AJ56: 3 | AK56: 3 | AL56: 2 | AM56: 3 | AN56: 3 | AO56: 3 | AP56: 3 | AQ56: 3 | AR56: 4 | AS56: 2 | AT56: 3 | AU56: 2 | AV56: 3 | AW56: 4 | AX56: 2 | AY56: 2 | AZ56: 3 | BA56: 3 | BB56: 2 | BC56: 3 | BD56: 1 | BE56: 3 | BF56: 2 | BG56: 1 | BH56: 2 | BI56: 3 | BJ56: 1 | BK56: 2 | BL56: 2 | BM56: 3 | BN56: 3 | BO56: 3 | BP56: 2 | BQ56: 2 | BR56: 3 | BS56: =IF(COUNT(N56:W56)>=8,AVERAGE(N56:W56),"") | BT56: =IF(COUNT(X56:AE56)>=7,AVERAGE(X56:AE56),"") | BU56: =IF(COUNT(AF56:AM56)>=7,AVERAGE(AF56:AM56),"") | BV56: =IF(COUNT(AN56:AV56)>=8,AVERAGE(AN56:AV56),"") | BW56: =IF(COUNT(AW56:BD56)>=7,AVERAGE(AW56:BD56),"") | BX56: =IF(COUNT(BE56:BJ56)>=5,AVERAGE(BE56:BJ56),"") | BY56: =IF(COUNT(BK56:BR56)>=7,AVERAGE(BK56:BR56),"")
A57: R026 | B57: Yes | C57: Yes | D57: Female | E57: 25-34 | F57: Bachelor/HND | G57: Digital bank/neobank | H57: Management/Strategy | I57: Less than 2 | J57: Yes | K57: 3 | L57: Yes | M57: Yes | N57: 4 | O57: 2 | P57: 2 | Q57: 3 | R57: 3 | S57: 3 | T57: 2 | U57: 3 | V57: 2 | W57: 3 | X57: 4 | Y57: 5 | Z57: 5 | AA57: 4 | AB57: 4 | AC57: 5 | AD57: 3 | AE57: 3 | AF57: 5 | AG57: 4 | AH57: 5 | AI57: 5 | AJ57: 4 | AK57: 5 | AL57: 5 | AM57: 3 | AN57: 1 | AO57: 2 | AP57: 1 | AQ57: 2 | AR57: 3 | AS57: 1 | AT57: 3 | AU57: 1 | AV57: 3 | AW57: 5 | AX57: 4 | AY57: 4 | AZ57: 5 | BA57: 5 | BB57: 4 | BC57: 3 | BD57: 5 | BE57: 3 | BF57: 4 | BG57: 5 | BH57: 5 | BI57: 4 | BJ57: 3 | BK57: 3 | BL57: 4 | BM57: 4 | BN57: 4 | BO57: 2 | BP57: 3 | BQ57: 4 | BR57: 3 | BS57: =IF(COUNT(N57:W57)>=8,AVERAGE(N57:W57),"") | BT57: =IF(COUNT(X57:AE57)>=7,AVERAGE(X57:AE57),"") | BU57: =IF(COUNT(AF57:AM57)>=7,AVERAGE(AF57:AM57),"") | BV57: =IF(COUNT(AN57:AV57)>=8,AVERAGE(AN57:AV57),"") | BW57: =IF(COUNT(AW57:BD57)>=7,AVERAGE(AW57:BD57),"") | BX57: =IF(COUNT(BE57:BJ57)>=5,AVERAGE(BE57:BJ57),"") | BY57: =IF(COUNT(BK57:BR57)>=7,AVERAGE(BK57:BR57),"")
A58: R027 | B58: Yes | C58: Yes | D58: Female | E58: 35-44 | F58: Master's | G58: Digital bank/neobank | H58: Digital Banking/Product | I58: 11-15 | J58: Yes | K58: 3 | L58: No | M58: Yes | N58: 5 | O58: 4 | P58: 5 | Q58: 4 | R58: 4 | S58: 4 | T58: 3 | U58: 3 | V58: 5 | W58: 3 | X58: 2 | Y58: 1 | Z58: 2 | AA58: 1 | AB58: 1 | AC58: 3 | AD58: 1 | AE58: 2 | AF58: 2 | AG58: 2 | AI58: 3 | AJ58: 2 | AK58: 2 | AL58: 4 | AM58: 2 | AN58: 3 | AO58: 3 | AP58: 2 | AQ58: 2 | AR58: 3 | AS58: 3 | AT58: 3 | AU58: 2 | AV58: 3 | AW58: 1 | AX58: 2 | AY58: 2 | AZ58: 2 | BA58: 2 | BB58: 2 | BC58: 2 | BD58: 2 | BE58: 2 | BF58: 4 | BG58: 4 | BH58: 5 | BI58: 3 | BJ58: 3 | BK58: 3 | BL58: 2 | BM58: 4 | BN58: 3 | BO58: 5 | BP58: 3 | BQ58: 2 | BR58: 3 | BS58: =IF(COUNT(N58:W58)>=8,AVERAGE(N58:W58),"") | BT58: =IF(COUNT(X58:AE58)>=7,AVERAGE(X58:AE58),"") | BU58: =IF(COUNT(AF58:AM58)>=7,AVERAGE(AF58:AM58),"") | BV58: =IF(COUNT(AN58:AV58)>=8,AVERAGE(AN58:AV58),"") | BW58: =IF(COUNT(AW58:BD58)>=7,AVERAGE(AW58:BD58),"") | BX58: =IF(COUNT(BE58:BJ58)>=5,AVERAGE(BE58:BJ58),"") | BY58: =IF(COUNT(BK58:BR58)>=7,AVERAGE(BK58:BR58),"")
A59: R028 | B59: Yes | C59: Yes | D59: Female | E59: 25-34 | F59: Master's | G59: Digital bank/neobank | H59: Digital Banking/Product | I59: 2-5 | J59: Yes | K59: 1 | L59: No | M59: Yes | N59: 4 | O59: 3 | P59: 4 | Q59: 4 | R59: 4 | S59: 4 | T59: 3 | U59: 3 | V59: 4 | W59: 2 | X59: 3 | Y59: 2 | Z59: 4 | AA59: 2 | AB59: 3 | AC59: 2 | AD59: 2 | AE59: 3 | AF59: 1 | AG59: 2 | AH59: 2 | AI59: 3 | AJ59: 2 | AK59: 3 | AL59: 1 | AM59: 1 | AN59: 3 | AO59: 1 | AP59: 2 | AQ59: 1 | AR59: 3 | AS59: 3 | AT59: 2 | AU59: 2 | AV59: 2 | AW59: 4 | AX59: 2 | AY59: 3 | AZ59: 3 | BA59: 4 | BB59: 3 | BC59: 2 | BD59: 3 | BE59: 4 | BF59: 4 | BG59: 3 | BH59: 4 | BI59: 3 | BJ59: 3 | BK59: 2 | BL59: 1 | BM59: 4 | BP59: 2 | BQ59: 2 | BR59: 3 | BS59: =IF(COUNT(N59:W59)>=8,AVERAGE(N59:W59),"") | BT59: =IF(COUNT(X59:AE59)>=7,AVERAGE(X59:AE59),"") | BU59: =IF(COUNT(AF59:AM59)>=7,AVERAGE(AF59:AM59),"") | BV59: =IF(COUNT(AN59:AV59)>=8,AVERAGE(AN59:AV59),"") | BW59: =IF(COUNT(AW59:BD59)>=7,AVERAGE(AW59:BD59),"") | BX59: =IF(COUNT(BE59:BJ59)>=5,AVERAGE(BE59:BJ59),"") | BY59: =IF(COUNT(BK59:BR59)>=7,AVERAGE(BK59:BR59),"")
A60: R029 | B60: Yes | C60: Yes | D60: Male | E60: 25-34 | F60: Bachelor/HND | G60: Fintech/payment provider | H60: Digital Banking/Product | I60: 2-5 | J60: Yes | K60: 1 | L60: No | M60: Yes | N60: 4 | O60: 2 | P60: 4 | Q60: 3 | R60: 2 | S60: 2 | T60: 3 | U60: 2 | V60: 4 | W60: 2 | X60: 3 | Y60: 2 | Z60: 3 | AA60: 2 | AB60: 2 | AC60: 4 | AD60: 3 | AE60: 3 | AF60: 5 | AG60: 5 | AH60: 4 | AI60: 5 | AJ60: 3 | AK60: 4 | AL60: 5 | AM60: 4 | AN60: 4 | AO60: 2 | AP60: 3 | AQ60: 3 | AR60: 4 | AS60: 3 | AT60: 3 | AU60: 2 | AV60: 4 | AW60: 3 | AX60: 3 | AY60: 3 | AZ60: 3 | BA60: 3 | BB60: 4 | BC60: 3 | BD60: 3 | BE60: 2 | BF60: 3 | BH60: 4 | BI60: 3 | BJ60: 2 | BK60: 5 | BL60: 3 | BM60: 5 | BN60: 4 | BO60: 4 | BP60: 4 | BQ60: 5 | BR60: 3 | BS60: =IF(COUNT(N60:W60)>=8,AVERAGE(N60:W60),"") | BT60: =IF(COUNT(X60:AE60)>=7,AVERAGE(X60:AE60),"") | BU60: =IF(COUNT(AF60:AM60)>=7,AVERAGE(AF60:AM60),"") | BV60: =IF(COUNT(AN60:AV60)>=8,AVERAGE(AN60:AV60),"") | BW60: =IF(COUNT(AW60:BD60)>=7,AVERAGE(AW60:BD60),"") | BX60: =IF(COUNT(BE60:BJ60)>=5,AVERAGE(BE60:BJ60),"") | BY60: =IF(COUNT(BK60:BR60)>=7,AVERAGE(BK60:BR60),"")
A61: R030 | B61: Yes | C61: Yes | D61: Male | E61: 18-24 | F61: Bachelor/HND | G61: Fintech/payment provider | H61: Customer Experience/Service | I61: 2-5 | J61: Yes | K61: 2 | L61: Yes | M61: Yes | N61: 2 | O61: 3 | P61: 3 | Q61: 3 | R61: 4 | S61: 3 | T61: 2 | U61: 3 | V61: 3 | W61: 4 | X61: 3 | Y61: 3 | Z61: 4 | AA61: 2 | AB61: 3 | AC61: 3 | AD61: 3 | AE61: 3 | AG61: 2 | AH61: 3 | AJ61: 3 | AK61: 4 | AL61: 3 | AM61: 3 | AN61: 3 | AO61: 3 | AP61: 2 | AQ61: 3 | AR61: 3 | AS61: 3 | AT61: 3 | AU61: 2 | AV61: 3 | AW61: 4 | AX61: 3 | AY61: 4 | AZ61: 3 | BA61: 4 | BB61: 3 | BC61: 3 | BD61: 2 | BE61: 4 | BF61: 4 | BG61: 3 | BH61: 5 | BI61: 3 | BJ61: 3 | BK61: 2 | BL61: 2 | BM61: 3 | BN61: 2 | BO61: 2 | BP61: 2 | BQ61: 3 | BR61: 2 | BS61: =IF(COUNT(N61:W61)>=8,AVERAGE(N61:W61),"") | BT61: =IF(COUNT(X61:AE61)>=7,AVERAGE(X61:AE61),"") | BU61: =IF(COUNT(AF61:AM61)>=7,AVERAGE(AF61:AM61),"") | BV61: =IF(COUNT(AN61:AV61)>=8,AVERAGE(AN61:AV61),"") | BW61: =IF(COUNT(AW61:BD61)>=7,AVERAGE(AW61:BD61),"") | BX61: =IF(COUNT(BE61:BJ61)>=5,AVERAGE(BE61:BJ61),"") | BY61: =IF(COUNT(BK61:BR61)>=7,AVERAGE(BK61:BR61),"")
A62: R031 | B62: Yes | C62: Yes | D62: Male | E62: 35-44 | F62: Bachelor/HND | G62: Fintech/payment provider | H62: IT/Technology | I62: Less than 2 | J62: Yes | K62: 2 | L62: Yes | M62: Yes | N62: 2 | O62: 1 | P62: 2 | Q62: 1 | S62: 2 | T62: 1 | U62: 2 | V62: 1 | W62: 2 | X62: 3 | Y62: 2 | Z62: 3 | AA62: 3 | AB62: 3 | AC62: 3 | AD62: 4 | AE62: 4 | AF62: 1 | AG62: 3 | AH62: 2 | AI62: 4 | AJ62: 3 | AK62: 4 | AL62: 3 | AM62: 3 | AN62: 4 | AO62: 4 | AQ62: 3 | AR62: 3 | AS62: 4 | AT62: 2 | AU62: 3 | AV62: 4 | AW62: 2 | AX62: 2 | AY62: 2 | AZ62: 3 | BA62: 3 | BB62: 3 | BC62: 3 | BD62: 3 | BE62: 3 | BF62: 3 | BG62: 3 | BH62: 3 | BI62: 4 | BJ62: 3 | BK62: 3 | BL62: 2 | BM62: 2 | BN62: 2 | BO62: 2 | BP62: 1 | BQ62: 3 | BR62: 2 | BS62: =IF(COUNT(N62:W62)>=8,AVERAGE(N62:W62),"") | BT62: =IF(COUNT(X62:AE62)>=7,AVERAGE(X62:AE62),"") | BU62: =IF(COUNT(AF62:AM62)>=7,AVERAGE(AF62:AM62),"") | BV62: =IF(COUNT(AN62:AV62)>=8,AVERAGE(AN62:AV62),"") | BW62: =IF(COUNT(AW62:BD62)>=7,AVERAGE(AW62:BD62),"") | BX62: =IF(COUNT(BE62:BJ62)>=5,AVERAGE(BE62:BJ62),"") | BY62: =IF(COUNT(BK62:BR62)>=7,AVERAGE(BK62:BR62),"")
A63: R032 | B63: Yes | C63: Yes | D63: Female | E63: 18-24 | F63: Master's | G63: Commercial bank | H63: IT/Technology | I63: 11-15 | J63: Yes | K63: 2 | L63: No | M63: Yes | N63: 4 | O63: 3 | P63: 4 | Q63: 3 | R63: 3 | S63: 5 | T63: 3 | U63: 4 | V63: 5 | W63: 3 | Y63: 2 | Z63: 3 | AA63: 3 | AB63: 3 | AC63: 2 | AD63: 3 | AE63: 3 | AF63: 4 | AG63: 4 | AH63: 2 | AI63: 4 | AJ63: 4 | AK63: 4 | AL63: 4 | AM63: 3 | AN63: 3 | AO63: 3 | AP63: 4 | AQ63: 3 | AR63: 3 | AS63: 4 | AT63: 4 | AU63: 4 | AV63: 3 | AW63: 4 | AX63: 2 | AY63: 3 | AZ63: 2 | BA63: 3 | BB63: 2 | BC63: 3 | BD63: 3 | BE63: 3 | BF63: 3 | BG63: 3 | BH63: 2 | BI63: 3 | BJ63: 3 | BK63: 2 | BL63: 2 | BM63: 3 | BN63: 2 | BO63: 2 | BP63: 3 | BQ63: 3 | BR63: 2 | BS63: =IF(COUNT(N63:W63)>=8,AVERAGE(N63:W63),"") | BT63: =IF(COUNT(X63:AE63)>=7,AVERAGE(X63:AE63),"") | BU63: =IF(COUNT(AF63:AM63)>=7,AVERAGE(AF63:AM63),"") | BV63: =IF(COUNT(AN63:AV63)>=8,AVERAGE(AN63:AV63),"") | BW63: =IF(COUNT(AW63:BD63)>=7,AVERAGE(AW63:BD63),"") | BX63: =IF(COUNT(BE63:BJ63)>=5,AVERAGE(BE63:BJ63),"") | BY63: =IF(COUNT(BK63:BR63)>=7,AVERAGE(BK63:BR63),"")
A64: R033 | B64: Yes | C64: Yes | D64: Prefer not to say | E64: 35-44 | F64: Master's | G64: Microfinance bank | H64: Data/Analytics/AI | I64: 6-10 | J64: Yes | K64: 2 | L64: Yes | M64: Yes | N64: 2 | O64: 3 | P64: 3 | Q64: 2 | R64: 2 | S64: 3 | T64: 2 | U64: 2 | V64: 2 | W64: 2 | X64: 2 | Y64: 2 | Z64: 4 | AA64: 2 | AB64: 3 | AC64: 3 | AD64: 3 | AE64: 2 | AF64: 3 | AG64: 4 | AH64: 4 | AI64: 3 | AJ64: 3 | AK64: 5 | AL64: 4 | AM64: 4 | AN64: 4 | AO64: 2 | AP64: 3 | AQ64: 2 | AR64: 3 | AS64: 2 | AT64: 3 | AU64: 2 | AV64: 2 | AW64: 3 | AX64: 2 | AY64: 2 | AZ64: 2 | BA64: 3 | BB64: 3 | BC64: 3 | BD64: 3 | BE64: 3 | BF64: 3 | BG64: 2 | BH64: 3 | BI64: 3 | BJ64: 4 | BK64: 3 | BL64: 2 | BM64: 3 | BN64: 2 | BO64: 3 | BP64: 2 | BQ64: 4 | BR64: 2 | BS64: =IF(COUNT(N64:W64)>=8,AVERAGE(N64:W64),"") | BT64: =IF(COUNT(X64:AE64)>=7,AVERAGE(X64:AE64),"") | BU64: =IF(COUNT(AF64:AM64)>=7,AVERAGE(AF64:AM64),"") | BV64: =IF(COUNT(AN64:AV64)>=8,AVERAGE(AN64:AV64),"") | BW64: =IF(COUNT(AW64:BD64)>=7,AVERAGE(AW64:BD64),"") | BX64: =IF(COUNT(BE64:BJ64)>=5,AVERAGE(BE64:BJ64),"") | BY64: =IF(COUNT(BK64:BR64)>=7,AVERAGE(BK64:BR64),"")
A65: R034 | B65: Yes | C65: Yes | D65: Male | E65: 25-34 | F65: Diploma/OND/NCE | G65: Commercial bank | H65: Data/Analytics/AI | I65: 6-10 | J65: Yes | K65: 4 | L65: No | M65: Yes | N65: 3 | O65: 2 | P65: 2 | Q65: 1 | R65: 1 | S65: 2 | T65: 1 | U65: 2 | V65: 1 | W65: 2 | X65: 3 | Y65: 1 | Z65: 3 | AA65: 2 | AB65: 3 | AC65: 3 | AD65: 3 | AE65: 4 | AF65: 4 | AG65: 4 | AH65: 2 | AI65: 4 | AJ65: 3 | AK65: 3 | AL65: 3 | AM65: 3 | AN65: 3 | AO65: 2 | AP65: 4 | AQ65: 2 | AR65: 4 | AS65: 3 | AT65: 2 | AU65: 3 | AV65: 4 | AW65: 3 | AX65: 3 | AY65: 3 | AZ65: 3 | BA65: 3 | BB65: 3 | BC65: 3 | BD65: 3 | BE65: 2 | BF65: 3 | BG65: 2 | BH65: 4 | BI65: 3 | BJ65: 2 | BK65: 1 | BL65: 1 | BM65: 1 | BN65: 1 | BO65: 2 | BP65: 1 | BQ65: 2 | BR65: 1 | BS65: =IF(COUNT(N65:W65)>=8,AVERAGE(N65:W65),"") | BT65: =IF(COUNT(X65:AE65)>=7,AVERAGE(X65:AE65),"") | BU65: =IF(COUNT(AF65:AM65)>=7,AVERAGE(AF65:AM65),"") | BV65: =IF(COUNT(AN65:AV65)>=8,AVERAGE(AN65:AV65),"") | BW65: =IF(COUNT(AW65:BD65)>=7,AVERAGE(AW65:BD65),"") | BX65: =IF(COUNT(BE65:BJ65)>=5,AVERAGE(BE65:BJ65),"") | BY65: =IF(COUNT(BK65:BR65)>=7,AVERAGE(BK65:BR65),"")
A66: R035 | B66: Yes | C66: Yes | D66: Female | E66: 25-34 | F66: Bachelor/HND | G66: Insurance/investment/other licensed financial institution | H66: Digital Banking/Product | I66: 2-5 | J66: Yes | K66: 1 | L66: No | M66: Yes | N66: 3 | O66: 3 | P66: 4 | Q66: 3 | R66: 2 | S66: 2 | T66: 3 | U66: 3 | V66: 4 | W66: 3 | X66: 2 | Y66: 2 | AB66: 2 | AC66: 2 | AD66: 2 | AE66: 2 | AF66: 3 | AG66: 4 | AH66: 2 | AI66: 4 | AJ66: 4 | AK66: 3 | AL66: 4 | AM66: 2 | AN66: 3 | AO66: 3 | AP66: 2 | AQ66: 2 | AR66: 3 | AS66: 2 | AT66: 3 | AU66: 3 | AW66: 3 | AX66: 2 | AY66: 3 | AZ66: 2 | BA66: 3 | BB66: 2 | BC66: 3 | BD66: 2 | BE66: 2 | BF66: 3 | BG66: 2 | BI66: 3 | BJ66: 2 | BK66: 2 | BL66: 1 | BM66: 3 | BN66: 1 | BO66: 2 | BP66: 3 | BQ66: 2 | BR66: 1 | BS66: =IF(COUNT(N66:W66)>=8,AVERAGE(N66:W66),"") | BT66: =IF(COUNT(X66:AE66)>=7,AVERAGE(X66:AE66),"") | BU66: =IF(COUNT(AF66:AM66)>=7,AVERAGE(AF66:AM66),"") | BV66: =IF(COUNT(AN66:AV66)>=8,AVERAGE(AN66:AV66),"") | BW66: =IF(COUNT(AW66:BD66)>=7,AVERAGE(AW66:BD66),"") | BX66: =IF(COUNT(BE66:BJ66)>=5,AVERAGE(BE66:BJ66),"") | BY66: =IF(COUNT(BK66:BR66)>=7,AVERAGE(BK66:BR66),"")
A67: R036 | B67: Yes | C67: Yes | D67: Female | E67: 25-34 | F67: Master's | G67: Digital bank/neobank | H67: IT/Technology | I67: 2-5 | J67: Yes | K67: 2 | L67: Yes | M67: Yes | N67: 3 | O67: 1 | P67: 3 | Q67: 2 | R67: 4 | S67: 3 | T67: 2 | U67: 3 | V67: 3 | W67: 3 | X67: 2 | Y67: 2 | Z67: 3 | AA67: 1 | AB67: 3 | AC67: 2 | AD67: 2 | AE67: 2 | AF67: 2 | AG67: 3 | AH67: 1 | AI67: 2 | AJ67: 3 | AK67: 3 | AL67: 2 | AM67: 3 | AN67: 3 | AO67: 3 | AP67: 3 | AQ67: 3 | AR67: 4 | AS67: 3 | AT67: 4 | AU67: 3 | AV67: 3 | AW67: 3 | AX67: 2 | AY67: 3 | AZ67: 3 | BA67: 3 | BB67: 2 | BC67: 3 | BD67: 3 | BE67: 3 | BF67: 3 | BG67: 3 | BH67: 4 | BI67: 3 | BJ67: 3 | BK67: 5 | BL67: 4 | BM67: 5 | BN67: 4 | BO67: 5 | BP67: 4 | BQ67: 5 | BR67: 4 | BS67: =IF(COUNT(N67:W67)>=8,AVERAGE(N67:W67),"") | BT67: =IF(COUNT(X67:AE67)>=7,AVERAGE(X67:AE67),"") | BU67: =IF(COUNT(AF67:AM67)>=7,AVERAGE(AF67:AM67),"") | BV67: =IF(COUNT(AN67:AV67)>=8,AVERAGE(AN67:AV67),"") | BW67: =IF(COUNT(AW67:BD67)>=7,AVERAGE(AW67:BD67),"") | BX67: =IF(COUNT(BE67:BJ67)>=5,AVERAGE(BE67:BJ67),"") | BY67: =IF(COUNT(BK67:BR67)>=7,AVERAGE(BK67:BR67),"")
A68: R037 | B68: Yes | C68: Yes | D68: Male | E68: 25-34 | F68: Bachelor/HND | G68: Microfinance bank | H68: Customer Experience/Service | I68: 16 or more | J68: Yes | K68: 3 | L68: Yes | M68: Yes | N68: 3 | O68: 4 | P68: 4 | Q68: 4 | R68: 3 | S68: 4 | T68: 3 | U68: 4 | V68: 5 | W68: 2 | X68: 3 | Y68: 3 | Z68: 4 | AA68: 2 | AB68: 4 | AC68: 4 | AD68: 3 | AF68: 3 | AG68: 3 | AH68: 2 | AI68: 4 | AJ68: 4 | AK68: 3 | AL68: 3 | AM68: 3 | AN68: 4 | AO68: 4 | AP68: 3 | AQ68: 4 | AR68: 3 | AS68: 4 | AT68: 3 | AU68: 3 | AV68: 4 | AW68: 3 | AX68: 3 | AY68: 3 | AZ68: 2 | BA68: 4 | BC68: 3 | BD68: 3 | BE68: 3 | BF68: 3 | BG68: 3 | BH68: 4 | BI68: 3 | BJ68: 3 | BK68: 3 | BL68: 3 | BM68: 4 | BO68: 2 | BP68: 3 | BQ68: 4 | BR68: 3 | BS68: =IF(COUNT(N68:W68)>=8,AVERAGE(N68:W68),"") | BT68: =IF(COUNT(X68:AE68)>=7,AVERAGE(X68:AE68),"") | BU68: =IF(COUNT(AF68:AM68)>=7,AVERAGE(AF68:AM68),"") | BV68: =IF(COUNT(AN68:AV68)>=8,AVERAGE(AN68:AV68),"") | BW68: =IF(COUNT(AW68:BD68)>=7,AVERAGE(AW68:BD68),"") | BX68: =IF(COUNT(BE68:BJ68)>=5,AVERAGE(BE68:BJ68),"") | BY68: =IF(COUNT(BK68:BR68)>=7,AVERAGE(BK68:BR68),"")
A69: R038 | B69: Yes | C69: Yes | D69: Male | E69: 25-34 | F69: Diploma/OND/NCE | G69: Fintech/payment provider | H69: IT/Technology | I69: 2-5 | J69: Yes | K69: 1 | L69: Yes | M69: Yes | N69: 3 | O69: 4 | P69: 4 | Q69: 3 | R69: 5 | S69: 4 | T69: 4 | U69: 4 | V69: 5 | W69: 4 | X69: 1 | Y69: 2 | Z69: 1 | AA69: 2 | AB69: 2 | AC69: 3 | AD69: 4 | AE69: 2 | AF69: 1 | AG69: 3 | AH69: 2 | AI69: 3 | AJ69: 3 | AK69: 2 | AL69: 3 | AM69: 2 | AN69: 3 | AO69: 3 | AP69: 2 | AQ69: 2 | AR69: 3 | AS69: 2 | AT69: 2 | AU69: 1 | AV69: 3 | AW69: 2 | AX69: 1 | AY69: 3 | AZ69: 1 | BA69: 3 | BB69: 2 | BC69: 1 | BD69: 1 | BE69: 3 | BF69: 3 | BG69: 1 | BH69: 3 | BI69: 2 | BJ69: 4 | BK69: 4 | BM69: 4 | BN69: 5 | BO69: 5 | BP69: 5 | BQ69: 4 | BR69: 3 | BS69: =IF(COUNT(N69:W69)>=8,AVERAGE(N69:W69),"") | BT69: =IF(COUNT(X69:AE69)>=7,AVERAGE(X69:AE69),"") | BU69: =IF(COUNT(AF69:AM69)>=7,AVERAGE(AF69:AM69),"") | BV69: =IF(COUNT(AN69:AV69)>=8,AVERAGE(AN69:AV69),"") | BW69: =IF(COUNT(AW69:BD69)>=7,AVERAGE(AW69:BD69),"") | BX69: =IF(COUNT(BE69:BJ69)>=5,AVERAGE(BE69:BJ69),"") | BY69: =IF(COUNT(BK69:BR69)>=7,AVERAGE(BK69:BR69),"")
A70: R039 | B70: Yes | C70: Yes | D70: Female | E70: 25-34 | F70: Postgraduate Diploma | G70: Fintech/payment provider | H70: Customer Experience/Service | I70: 11-15 | J70: Yes | K70: 4 | L70: Yes | M70: Yes | N70: 4 | O70: 4 | P70: 5 | Q70: 4 | R70: 4 | S70: 5 | T70: 3 | U70: 4 | V70: 4 | W70: 2 | X70: 4 | Y70: 2 | Z70: 3 | AA70: 1 | AB70: 3 | AC70: 3 | AD70: 3 | AE70: 3 | AF70: 4 | AG70: 4 | AH70: 3 | AI70: 4 | AJ70: 3 | AK70: 3 | AL70: 4 | AM70: 4 | AN70: 3 | AO70: 4 | AQ70: 3 | AR70: 4 | AS70: 3 | AT70: 3 | AU70: 3 | AV70: 3 | AW70: 5 | AX70: 4 | AY70: 4 | AZ70: 4 | BA70: 4 | BB70: 4 | BC70: 4 | BD70: 4 | BE70: 2 | BF70: 4 | BG70: 2 | BH70: 4 | BI70: 3 | BJ70: 2 | BK70: 3 | BL70: 1 | BM70: 2 | BN70: 3 | BO70: 2 | BP70: 1 | BQ70: 4 | BR70: 2 | BS70: =IF(COUNT(N70:W70)>=8,AVERAGE(N70:W70),"") | BT70: =IF(COUNT(X70:AE70)>=7,AVERAGE(X70:AE70),"") | BU70: =IF(COUNT(AF70:AM70)>=7,AVERAGE(AF70:AM70),"") | BV70: =IF(COUNT(AN70:AV70)>=8,AVERAGE(AN70:AV70),"") | BW70: =IF(COUNT(AW70:BD70)>=7,AVERAGE(AW70:BD70),"") | BX70: =IF(COUNT(BE70:BJ70)>=5,AVERAGE(BE70:BJ70),"") | BY70: =IF(COUNT(BK70:BR70)>=7,AVERAGE(BK70:BR70),"")
A71: R040 | B71: Yes | C71: Yes | D71: Male | E71: 25-34 | F71: Bachelor/HND | G71: Commercial bank | H71: Management/Strategy | I71: 2-5 | J71: Yes | K71: 3 | L71: Yes | M71: Yes | N71: 3 | O71: 2 | P71: 3 | Q71: 2 | R71: 3 | S71: 3 | T71: 2 | U71: 3 | V71: 3 | W71: 1 | X71: 5 | Y71: 5 | Z71: 4 | AA71: 3 | AB71: 4 | AC71: 3 | AD71: 5 | AE71: 4 | AF71: 2 | AG71: 4 | AH71: 3 | AI71: 3 | AJ71: 4 | AK71: 4 | AL71: 3 | AM71: 3 | AN71: 4 | AO71: 3 | AP71: 3 | AQ71: 2 | AR71: 4 | AS71: 4 | AT71: 3 | AU71: 2 | AV71: 4 | AW71: 3 | AX71: 3 | AY71: 3 | AZ71: 3 | BA71: 4 | BB71: 3 | BC71: 4 | BD71: 2 | BE71: 2 | BF71: 4 | BG71: 1 | BH71: 3 | BI71: 3 | BJ71: 1 | BK71: 3 | BL71: 2 | BM71: 2 | BN71: 2 | BO71: 3 | BP71: 2 | BQ71: 2 | BR71: 1 | BS71: =IF(COUNT(N71:W71)>=8,AVERAGE(N71:W71),"") | BT71: =IF(COUNT(X71:AE71)>=7,AVERAGE(X71:AE71),"") | BU71: =IF(COUNT(AF71:AM71)>=7,AVERAGE(AF71:AM71),"") | BV71: =IF(COUNT(AN71:AV71)>=8,AVERAGE(AN71:AV71),"") | BW71: =IF(COUNT(AW71:BD71)>=7,AVERAGE(AW71:BD71),"") | BX71: =IF(COUNT(BE71:BJ71)>=5,AVERAGE(BE71:BJ71),"") | BY71: =IF(COUNT(BK71:BR71)>=7,AVERAGE(BK71:BR71),"")
A72: R041 | B72: Yes | C72: Yes | D72: Male | E72: 45-54 | F72: Diploma/OND/NCE | G72: Insurance/investment/other licensed financial institution | H72: Management/Strategy | I72: 6-10 | J72: Yes | K72: 0 | L72: Yes | M72: Yes | N72: 1 | O72: 1 | P72: 2 | Q72: 2 | R72: 2 | S72: 2 | T72: 1 | U72: 2 | V72: 3 | W72: 1 | X72: 5 | Z72: 5 | AA72: 3 | AB72: 2 | AC72: 3 | AD72: 3 | AE72: 3 | AF72: 3 | AG72: 3 | AH72: 3 | AI72: 4 | AJ72: 3 | AK72: 3 | AL72: 3 | AM72: 3 | AN72: 3 | AO72: 3 | AP72: 5 | AQ72: 4 | AR72: 4 | AS72: 4 | AT72: 3 | AU72: 3 | AV72: 3 | AX72: 3 | AY72: 3 | AZ72: 2 | BA72: 3 | BB72: 2 | BC72: 3 | BD72: 1 | BE72: 5 | BF72: 3 | BG72: 3 | BH72: 4 | BI72: 3 | BJ72: 3 | BK72: 4 | BL72: 3 | BM72: 4 | BN72: 4 | BO72: 3 | BP72: 4 | BQ72: 5 | BR72: 3 | BS72: =IF(COUNT(N72:W72)>=8,AVERAGE(N72:W72),"") | BT72: =IF(COUNT(X72:AE72)>=7,AVERAGE(X72:AE72),"") | BU72: =IF(COUNT(AF72:AM72)>=7,AVERAGE(AF72:AM72),"") | BV72: =IF(COUNT(AN72:AV72)>=8,AVERAGE(AN72:AV72),"") | BW72: =IF(COUNT(AW72:BD72)>=7,AVERAGE(AW72:BD72),"") | BX72: =IF(COUNT(BE72:BJ72)>=5,AVERAGE(BE72:BJ72),"") | BY72: =IF(COUNT(BK72:BR72)>=7,AVERAGE(BK72:BR72),"")
A73: R042 | B73: Yes | C73: Yes | D73: Female | E73: 45-54 | F73: Diploma/OND/NCE | G73: Fintech/payment provider | H73: Digital Banking/Product | I73: 2-5 | J73: Yes | K73: 3 | L73: Yes | M73: Yes | N73: 2 | O73: 2 | P73: 3 | Q73: 1 | R73: 2 | S73: 1 | T73: 1 | U73: 2 | V73: 1 | W73: 2 | X73: 3 | Y73: 3 | Z73: 3 | AA73: 2 | AB73: 3 | AC73: 2 | AD73: 3 | AE73: 2 | AF73: 2 | AG73: 3 | AH73: 3 | AI73: 4 | AJ73: 2 | AK73: 3 | AL73: 3 | AM73: 2 | AN73: 4 | AO73: 3 | AP73: 4 | AQ73: 3 | AR73: 4 | AS73: 4 | AT73: 3 | AU73: 2 | AV73: 3 | AW73: 3 | AX73: 4 | AY73: 4 | AZ73: 4 | BA73: 4 | BB73: 3 | BC73: 4 | BD73: 4 | BE73: 3 | BF73: 4 | BG73: 3 | BI73: 3 | BJ73: 3 | BK73: 3 | BL73: 2 | BM73: 3 | BN73: 2 | BO73: 2 | BQ73: 3 | BR73: 3 | BS73: =IF(COUNT(N73:W73)>=8,AVERAGE(N73:W73),"") | BT73: =IF(COUNT(X73:AE73)>=7,AVERAGE(X73:AE73),"") | BU73: =IF(COUNT(AF73:AM73)>=7,AVERAGE(AF73:AM73),"") | BV73: =IF(COUNT(AN73:AV73)>=8,AVERAGE(AN73:AV73),"") | BW73: =IF(COUNT(AW73:BD73)>=7,AVERAGE(AW73:BD73),"") | BX73: =IF(COUNT(BE73:BJ73)>=5,AVERAGE(BE73:BJ73),"") | BY73: =IF(COUNT(BK73:BR73)>=7,AVERAGE(BK73:BR73),"")
A74: R043 | B74: Yes | C74: Yes | D74: Male | E74: 25-34 | F74: Master's | G74: Digital bank/neobank | H74: IT/Technology | I74: Less than 2 | J74: Yes | K74: 2 | L74: Yes | M74: Yes | N74: 3 | O74: 2 | P74: 3 | Q74: 3 | S74: 2 | T74: 3 | U74: 4 | V74: 3 | W74: 2 | X74: 3 | Y74: 4 | Z74: 4 | AA74: 4 | AB74: 3 | AC74: 3 | AD74: 3 | AE74: 3 | AF74: 3 | AG74: 3 | AH74: 3 | AI74: 3 | AJ74: 3 | AK74: 3 | AL74: 4 | AM74: 3 | AN74: 3 | AO74: 5 | AP74: 3 | AQ74: 2 | AR74: 4 | AS74: 3 | AT74: 4 | AU74: 2 | AV74: 4 | AW74: 4 | AX74: 3 | AY74: 3 | AZ74: 3 | BA74: 3 | BB74: 3 | BC74: 5 | BD74: 2 | BE74: 4 | BF74: 3 | BG74: 3 | BH74: 3 | BI74: 4 | BJ74: 2 | BK74: 3 | BL74: 3 | BM74: 4 | BN74: 2 | BO74: 3 | BP74: 4 | BQ74: 3 | BR74: 3 | BS74: =IF(COUNT(N74:W74)>=8,AVERAGE(N74:W74),"") | BT74: =IF(COUNT(X74:AE74)>=7,AVERAGE(X74:AE74),"") | BU74: =IF(COUNT(AF74:AM74)>=7,AVERAGE(AF74:AM74),"") | BV74: =IF(COUNT(AN74:AV74)>=8,AVERAGE(AN74:AV74),"") | BW74: =IF(COUNT(AW74:BD74)>=7,AVERAGE(AW74:BD74),"") | BX74: =IF(COUNT(BE74:BJ74)>=5,AVERAGE(BE74:BJ74),"") | BY74: =IF(COUNT(BK74:BR74)>=7,AVERAGE(BK74:BR74),"")
A75: R044 | B75: Yes | C75: Yes | D75: Female | E75: 35-44 | F75: Diploma/OND/NCE | G75: Fintech/payment provider | H75: Digital Banking/Product | I75: 11-15 | J75: Yes | K75: 2 | L75: No | M75: Yes | N75: 3 | O75: 4 | Q75: 2 | R75: 3 | S75: 3 | T75: 2 | U75: 4 | V75: 5 | W75: 4 | X75: 2 | Y75: 2 | Z75: 3 | AA75: 2 | AB75: 2 | AC75: 3 | AD75: 3 | AE75: 2 | AF75: 2 | AG75: 3 | AH75: 1 | AI75: 2 | AJ75: 2 | AK75: 2 | AL75: 1 | AM75: 3 | AN75: 4 | AO75: 4 | AP75: 4 | AQ75: 4 | AR75: 4 | AS75: 3 | AT75: 3 | AU75: 3 | AV75: 4 | AW75: 2 | AX75: 3 | AY75: 3 | AZ75: 2 | BA75: 3 | BB75: 3 | BC75: 3 | BD75: 3 | BE75: 3 | BF75: 3 | BG75: 2 | BH75: 4 | BI75: 4 | BJ75: 3 | BK75: 2 | BL75: 2 | BM75: 3 | BN75: 2 | BO75: 1 | BP75: 2 | BQ75: 3 | BR75: 2 | BS75: =IF(COUNT(N75:W75)>=8,AVERAGE(N75:W75),"") | BT75: =IF(COUNT(X75:AE75)>=7,AVERAGE(X75:AE75),"") | BU75: =IF(COUNT(AF75:AM75)>=7,AVERAGE(AF75:AM75),"") | BV75: =IF(COUNT(AN75:AV75)>=8,AVERAGE(AN75:AV75),"") | BW75: =IF(COUNT(AW75:BD75)>=7,AVERAGE(AW75:BD75),"") | BX75: =IF(COUNT(BE75:BJ75)>=5,AVERAGE(BE75:BJ75),"") | BY75: =IF(COUNT(BK75:BR75)>=7,AVERAGE(BK75:BR75),"")
A76: R045 | B76: Yes | C76: Yes | D76: Male | E76: 25-34 | F76: Doctorate | G76: Digital bank/neobank | H76: Other | I76: 2-5 | J76: Yes | K76: 3 | L76: Yes | M76: Yes | N76: 4 | O76: 2 | P76: 5 | Q76: 3 | R76: 3 | S76: 3 | T76: 3 | U76: 5 | W76: 4 | X76: 2 | Y76: 4 | Z76: 4 | AA76: 4 | AB76: 3 | AC76: 4 | AD76: 2 | AE76: 4 | AF76: 4 | AG76: 5 | AH76: 4 | AI76: 5 | AJ76: 3 | AK76: 5 | AL76: 3 | AM76: 4 | AN76: 4 | AO76: 3 | AP76: 3 | AQ76: 4 | AR76: 5 | AS76: 4 | AT76: 4 | AU76: 4 | AV76: 4 | AW76: 3 | AX76: 3 | AY76: 4 | AZ76: 4 | BA76: 5 | BB76: 4 | BC76: 5 | BD76: 4 | BE76: 4 | BF76: 4 | BG76: 4 | BH76: 3 | BI76: 3 | BJ76: 3 | BK76: 3 | BL76: 3 | BM76: 4 | BN76: 3 | BO76: 4 | BP76: 2 | BQ76: 5 | BR76: 3 | BS76: =IF(COUNT(N76:W76)>=8,AVERAGE(N76:W76),"") | BT76: =IF(COUNT(X76:AE76)>=7,AVERAGE(X76:AE76),"") | BU76: =IF(COUNT(AF76:AM76)>=7,AVERAGE(AF76:AM76),"") | BV76: =IF(COUNT(AN76:AV76)>=8,AVERAGE(AN76:AV76),"") | BW76: =IF(COUNT(AW76:BD76)>=7,AVERAGE(AW76:BD76),"") | BX76: =IF(COUNT(BE76:BJ76)>=5,AVERAGE(BE76:BJ76),"") | BY76: =IF(COUNT(BK76:BR76)>=7,AVERAGE(BK76:BR76),"")
A77: R046 | B77: Yes | C77: Yes | D77: Male | E77: 35-44 | F77: Bachelor/HND | G77: Commercial bank | H77: IT/Technology | I77: Less than 2 | J77: Yes | K77: 3 | L77: Yes | M77: Yes | N77: 2 | O77: 2 | P77: 3 | Q77: 3 | R77: 2 | S77: 2 | T77: 4 | U77: 2 | V77: 2 | W77: 1 | X77: 4 | Z77: 4 | AA77: 3 | AB77: 3 | AC77: 3 | AD77: 4 | AE77: 3 | AF77: 3 | AG77: 4 | AH77: 5 | AI77: 5 | AJ77: 3 | AK77: 5 | AL77: 5 | AM77: 2 | AN77: 4 | AO77: 4 | AP77: 5 | AQ77: 3 | AR77: 5 | AS77: 4 | AT77: 4 | AU77: 3 | AV77: 3 | AW77: 4 | AX77: 4 | AY77: 5 | AZ77: 5 | BA77: 3 | BB77: 5 | BC77: 5 | BD77: 4 | BE77: 3 | BF77: 3 | BG77: 3 | BH77: 4 | BI77: 4 | BJ77: 5 | BK77: 3 | BL77: 2 | BM77: 3 | BN77: 2 | BO77: 3 | BP77: 3 | BQ77: 3 | BR77: 3 | BS77: =IF(COUNT(N77:W77)>=8,AVERAGE(N77:W77),"") | BT77: =IF(COUNT(X77:AE77)>=7,AVERAGE(X77:AE77),"") | BU77: =IF(COUNT(AF77:AM77)>=7,AVERAGE(AF77:AM77),"") | BV77: =IF(COUNT(AN77:AV77)>=8,AVERAGE(AN77:AV77),"") | BW77: =IF(COUNT(AW77:BD77)>=7,AVERAGE(AW77:BD77),"") | BX77: =IF(COUNT(BE77:BJ77)>=5,AVERAGE(BE77:BJ77),"") | BY77: =IF(COUNT(BK77:BR77)>=7,AVERAGE(BK77:BR77),"")
A78: R047 | B78: Yes | C78: Yes | D78: Male | E78: 45-54 | F78: Master's | G78: Commercial bank | H78: Digital Banking/Product | I78: 2-5 | J78: Yes | K78: 2 | L78: Yes | M78: Yes | N78: 5 | O78: 5 | P78: 5 | Q78: 5 | R78: 5 | S78: 5 | T78: 5 | U78: 5 | W78: 4 | X78: 2 | Y78: 2 | Z78: 2 | AA78: 2 | AB78: 2 | AC78: 3 | AD78: 3 | AE78: 2 | AF78: 1 | AG78: 2 | AH78: 2 | AI78: 1 | AK78: 1 | AL78: 1 | AM78: 2 | AN78: 2 | AO78: 2 | AQ78: 2 | AR78: 2 | AS78: 1 | AT78: 3 | AU78: 2 | AV78: 2 | AX78: 2 | AY78: 1 | AZ78: 1 | BA78: 2 | BB78: 2 | BD78: 2 | BE78: 3 | BF78: 2 | BG78: 1 | BH78: 2 | BI78: 2 | BJ78: 1 | BK78: 4 | BL78: 2 | BM78: 3 | BN78: 3 | BO78: 3 | BP78: 3 | BQ78: 3 | BR78: 2 | BS78: =IF(COUNT(N78:W78)>=8,AVERAGE(N78:W78),"") | BT78: =IF(COUNT(X78:AE78)>=7,AVERAGE(X78:AE78),"") | BU78: =IF(COUNT(AF78:AM78)>=7,AVERAGE(AF78:AM78),"") | BV78: =IF(COUNT(AN78:AV78)>=8,AVERAGE(AN78:AV78),"") | BW78: =IF(COUNT(AW78:BD78)>=7,AVERAGE(AW78:BD78),"") | BX78: =IF(COUNT(BE78:BJ78)>=5,AVERAGE(BE78:BJ78),"") | BY78: =IF(COUNT(BK78:BR78)>=7,AVERAGE(BK78:BR78),"")
A79: R048 | B79: Yes | C79: Yes | D79: Male | E79: 35-44 | F79: Bachelor/HND | G79: Microfinance bank | H79: Data/Analytics/AI | I79: Less than 2 | J79: Yes | K79: 2 | L79: Yes | M79: Yes | N79: 3 | O79: 3 | P79: 5 | Q79: 4 | R79: 4 | S79: 3 | T79: 4 | U79: 4 | V79: 4 | W79: 4 | X79: 3 | Y79: 2 | Z79: 4 | AA79: 3 | AB79: 4 | AC79: 4 | AD79: 4 | AE79: 3 | AF79: 3 | AG79: 4 | AH79: 1 | AI79: 5 | AJ79: 2 | AK79: 4 | AL79: 4 | AM79: 4 | AN79: 4 | AO79: 2 | AP79: 3 | AQ79: 3 | AR79: 4 | AS79: 3 | AT79: 3 | AU79: 3 | AV79: 4 | AW79: 4 | AX79: 4 | AY79: 5 | AZ79: 3 | BA79: 4 | BB79: 4 | BC79: 4 | BD79: 3 | BE79: 3 | BF79: 3 | BG79: 2 | BH79: 3 | BI79: 2 | BJ79: 3 | BK79: 5 | BL79: 4 | BM79: 3 | BN79: 3 | BO79: 4 | BP79: 4 | BQ79: 5 | BR79: 4 | BS79: =IF(COUNT(N79:W79)>=8,AVERAGE(N79:W79),"") | BT79: =IF(COUNT(X79:AE79)>=7,AVERAGE(X79:AE79),"") | BU79: =IF(COUNT(AF79:AM79)>=7,AVERAGE(AF79:AM79),"") | BV79: =IF(COUNT(AN79:AV79)>=8,AVERAGE(AN79:AV79),"") | BW79: =IF(COUNT(AW79:BD79)>=7,AVERAGE(AW79:BD79),"") | BX79: =IF(COUNT(BE79:BJ79)>=5,AVERAGE(BE79:BJ79),"") | BY79: =IF(COUNT(BK79:BR79)>=7,AVERAGE(BK79:BR79),"")
A80: R049 | B80: Yes | C80: Yes | D80: Female | E80: 25-34 | F80: Bachelor/HND | G80: Fintech/payment provider | H80: Data/Analytics/AI | I80: 2-5 | J80: Yes | K80: 1 | L80: No | M80: Yes | N80: 3 | O80: 3 | P80: 4 | Q80: 3 | R80: 4 | S80: 4 | T80: 2 | U80: 3 | V80: 4 | W80: 4 | X80: 3 | Y80: 2 | Z80: 2 | AA80: 1 | AB80: 2 | AC80: 2 | AD80: 3 | AE80: 3 | AF80: 2 | AG80: 2 | AH80: 2 | AI80: 3 | AJ80: 2 | AK80: 2 | AL80: 2 | AM80: 1 | AN80: 3 | AO80: 2 | AP80: 4 | AQ80: 2 | AR80: 4 | AS80: 3 | AT80: 3 | AU80: 2 | AV80: 3 | AW80: 2 | AX80: 1 | AY80: 2 | BA80: 3 | BB80: 1 | BC80: 2 | BD80: 1 | BE80: 3 | BF80: 2 | BG80: 3 | BH80: 3 | BI80: 3 | BJ80: 3 | BK80: 2 | BL80: 1 | BM80: 3 | BN80: 3 | BO80: 3 | BP80: 2 | BQ80: 2 | BR80: 2 | BS80: =IF(COUNT(N80:W80)>=8,AVERAGE(N80:W80),"") | BT80: =IF(COUNT(X80:AE80)>=7,AVERAGE(X80:AE80),"") | BU80: =IF(COUNT(AF80:AM80)>=7,AVERAGE(AF80:AM80),"") | BV80: =IF(COUNT(AN80:AV80)>=8,AVERAGE(AN80:AV80),"") | BW80: =IF(COUNT(AW80:BD80)>=7,AVERAGE(AW80:BD80),"") | BX80: =IF(COUNT(BE80:BJ80)>=5,AVERAGE(BE80:BJ80),"") | BY80: =IF(COUNT(BK80:BR80)>=7,AVERAGE(BK80:BR80),"")
A81: R050 | B81: Yes | C81: Yes | D81: Female | E81: 35-44 | F81: Bachelor/HND | G81: Commercial bank | H81: IT/Technology | I81: 2-5 | J81: Yes | K81: 3 | L81: Yes | M81: Yes | N81: 3 | O81: 2 | P81: 4 | Q81: 2 | R81: 4 | S81: 3 | T81: 3 | U81: 3 | V81: 4 | W81: 4 | X81: 3 | Y81: 2 | Z81: 3 | AA81: 2 | AB81: 3 | AC81: 2 | AD81: 3 | AE81: 3 | AF81: 3 | AG81: 4 | AH81: 3 | AI81: 4 | AJ81: 3 | AK81: 3 | AL81: 3 | AM81: 2 | AN81: 3 | AO81: 3 | AP81: 3 | AQ81: 3 | AR81: 3 | AS81: 3 | AT81: 4 | AU81: 3 | AV81: 3 | AW81: 4 | AX81: 3 | AY81: 4 | AZ81: 3 | BB81: 3 | BC81: 3 | BD81: 3 | BE81: 4 | BF81: 4 | BG81: 3 | BH81: 3 | BI81: 4 | BJ81: 3 | BK81: 2 | BL81: 1 | BM81: 3 | BN81: 3 | BO81: 3 | BP81: 4 | BQ81: 4 | BR81: 3 | BS81: =IF(COUNT(N81:W81)>=8,AVERAGE(N81:W81),"") | BT81: =IF(COUNT(X81:AE81)>=7,AVERAGE(X81:AE81),"") | BU81: =IF(COUNT(AF81:AM81)>=7,AVERAGE(AF81:AM81),"") | BV81: =IF(COUNT(AN81:AV81)>=8,AVERAGE(AN81:AV81),"") | BW81: =IF(COUNT(AW81:BD81)>=7,AVERAGE(AW81:BD81),"") | BX81: =IF(COUNT(BE81:BJ81)>=5,AVERAGE(BE81:BJ81),"") | BY81: =IF(COUNT(BK81:BR81)>=7,AVERAGE(BK81:BR81),"")
A82: R051 | B82: Yes | C82: Yes | D82: Male | E82: 35-44 | F82: Postgraduate Diploma | G82: Digital bank/neobank | H82: Risk/Compliance | I82: Less than 2 | J82: Yes | K82: 0 | L82: Yes | M82: Yes | N82: 4 | O82: 4 | P82: 4 | Q82: 3 | R82: 3 | S82: 3 | T82: 2 | U82: 4 | V82: 4 | W82: 2 | X82: 4 | Y82: 2 | Z82: 3 | AA82: 2 | AB82: 4 | AC82: 3 | AD82: 4 | AE82: 4 | AF82: 3 | AH82: 1 | AI82: 4 | AJ82: 2 | AK82: 3 | AL82: 3 | AM82: 3 | AN82: 2 | AO82: 1 | AP82: 2 | AQ82: 1 | AR82: 2 | AS82: 1 | AT82: 1 | AU82: 1 | AV82: 1 | AW82: 3 | AX82: 4 | AY82: 3 | AZ82: 3 | BA82: 4 | BB82: 2 | BC82: 3 | BD82: 3 | BE82: 3 | BF82: 3 | BG82: 2 | BH82: 3 | BI82: 3 | BJ82: 1 | BK82: 2 | BL82: 2 | BM82: 3 | BN82: 4 | BO82: 4 | BP82: 1 | BQ82: 3 | BR82: 2 | BS82: =IF(COUNT(N82:W82)>=8,AVERAGE(N82:W82),"") | BT82: =IF(COUNT(X82:AE82)>=7,AVERAGE(X82:AE82),"") | BU82: =IF(COUNT(AF82:AM82)>=7,AVERAGE(AF82:AM82),"") | BV82: =IF(COUNT(AN82:AV82)>=8,AVERAGE(AN82:AV82),"") | BW82: =IF(COUNT(AW82:BD82)>=7,AVERAGE(AW82:BD82),"") | BX82: =IF(COUNT(BE82:BJ82)>=5,AVERAGE(BE82:BJ82),"") | BY82: =IF(COUNT(BK82:BR82)>=7,AVERAGE(BK82:BR82),"")
A83: R052 | B83: Yes | C83: Yes | D83: Female | E83: 35-44 | F83: Bachelor/HND | G83: Fintech/payment provider | H83: IT/Technology | I83: Less than 2 | J83: Yes | K83: 0 | L83: No | M83: Yes | N83: 3 | O83: 3 | P83: 3 | Q83: 3 | R83: 3 | S83: 3 | T83: 4 | U83: 3 | V83: 4 | W83: 3 | X83: 3 | Y83: 2 | Z83: 2 | AA83: 1 | AB83: 2 | AC83: 2 | AD83: 2 | AE83: 3 | AF83: 2 | AG83: 3 | AH83: 1 | AI83: 2 | AJ83: 3 | AK83: 3 | AL83: 3 | AM83: 2 | AN83: 2 | AO83: 2 | AP83: 2 | AQ83: 2 | AR83: 4 | AS83: 2 | AT83: 2 | AU83: 1 | AV83: 3 | AW83: 3 | AX83: 2 | AY83: 3 | AZ83: 2 | BA83: 5 | BB83: 2 | BC83: 4 | BD83: 2 | BE83: 3 | BF83: 2 | BG83: 3 | BH83: 4 | BI83: 2 | BJ83: 3 | BK83: 3 | BL83: 3 | BM83: 3 | BN83: 2 | BO83: 3 | BP83: 3 | BQ83: 3 | BR83: 2 | BS83: =IF(COUNT(N83:W83)>=8,AVERAGE(N83:W83),"") | BT83: =IF(COUNT(X83:AE83)>=7,AVERAGE(X83:AE83),"") | BU83: =IF(COUNT(AF83:AM83)>=7,AVERAGE(AF83:AM83),"") | BV83: =IF(COUNT(AN83:AV83)>=8,AVERAGE(AN83:AV83),"") | BW83: =IF(COUNT(AW83:BD83)>=7,AVERAGE(AW83:BD83),"") | BX83: =IF(COUNT(BE83:BJ83)>=5,AVERAGE(BE83:BJ83),"") | BY83: =IF(COUNT(BK83:BR83)>=7,AVERAGE(BK83:BR83),"")
A84: R053 | B84: Yes | C84: Yes | D84: Female | E84: 35-44 | F84: Other | G84: Fintech/payment provider | H84: Other | I84: 2-5 | J84: Yes | K84: 2 | L84: No | M84: Yes | N84: 3 | O84: 4 | P84: 4 | Q84: 3 | R84: 3 | S84: 5 | T84: 2 | U84: 3 | V84: 5 | W84: 4 | X84: 3 | Y84: 2 | Z84: 4 | AA84: 3 | AB84: 4 | AC84: 2 | AD84: 3 | AE84: 2 | AF84: 3 | AG84: 4 | AH84: 4 | AI84: 5 | AJ84: 4 | AK84: 5 | AM84: 4 | AN84: 2 | AO84: 1 | AP84: 2 | AQ84: 1 | AR84: 3 | AS84: 3 | AT84: 3 | AU84: 2 | AV84: 2 | AW84: 3 | AX84: 4 | AY84: 5 | AZ84: 3 | BA84: 3 | BB84: 4 | BC84: 5 | BD84: 3 | BE84: 4 | BF84: 4 | BG84: 3 | BH84: 5 | BI84: 5 | BJ84: 3 | BK84: 3 | BL84: 3 | BM84: 4 | BN84: 2 | BO84: 4 | BP84: 3 | BQ84: 5 | BR84: 4 | BS84: =IF(COUNT(N84:W84)>=8,AVERAGE(N84:W84),"") | BT84: =IF(COUNT(X84:AE84)>=7,AVERAGE(X84:AE84),"") | BU84: =IF(COUNT(AF84:AM84)>=7,AVERAGE(AF84:AM84),"") | BV84: =IF(COUNT(AN84:AV84)>=8,AVERAGE(AN84:AV84),"") | BW84: =IF(COUNT(AW84:BD84)>=7,AVERAGE(AW84:BD84),"") | BX84: =IF(COUNT(BE84:BJ84)>=5,AVERAGE(BE84:BJ84),"") | BY84: =IF(COUNT(BK84:BR84)>=7,AVERAGE(BK84:BR84),"")
A85: R054 | B85: Yes | C85: Yes | D85: Male | E85: 35-44 | F85: Postgraduate Diploma | G85: Commercial bank | H85: Customer Experience/Service | I85: 6-10 | J85: Yes | K85: 4 | L85: Yes | M85: Yes | N85: 4 | O85: 3 | P85: 2 | Q85: 3 | R85: 3 | S85: 4 | T85: 3 | U85: 3 | V85: 2 | W85: 2 | X85: 3 | Y85: 2 | Z85: 4 | AA85: 1 | AB85: 4 | AC85: 5 | AD85: 4 | AF85: 2 | AG85: 3 | AH85: 2 | AI85: 2 | AJ85: 2 | AK85: 4 | AL85: 3 | AM85: 3 | AN85: 4 | AO85: 5 | AP85: 3 | AQ85: 2 | AR85: 3 | AS85: 4 | AT85: 4 | AU85: 5 | AV85: 5 | AW85: 3 | AX85: 2 | AY85: 3 | AZ85: 3 | BA85: 3 | BB85: 4 | BC85: 4 | BD85: 2 | BE85: 5 | BF85: 5 | BG85: 4 | BH85: 5 | BI85: 4 | BJ85: 4 | BK85: 2 | BL85: 2 | BM85: 3 | BN85: 2 | BO85: 3 | BP85: 4 | BQ85: 3 | BR85: 2 | BS85: =IF(COUNT(N85:W85)>=8,AVERAGE(N85:W85),"") | BT85: =IF(COUNT(X85:AE85)>=7,AVERAGE(X85:AE85),"") | BU85: =IF(COUNT(AF85:AM85)>=7,AVERAGE(AF85:AM85),"") | BV85: =IF(COUNT(AN85:AV85)>=8,AVERAGE(AN85:AV85),"") | BW85: =IF(COUNT(AW85:BD85)>=7,AVERAGE(AW85:BD85),"") | BX85: =IF(COUNT(BE85:BJ85)>=5,AVERAGE(BE85:BJ85),"") | BY85: =IF(COUNT(BK85:BR85)>=7,AVERAGE(BK85:BR85),"")
A86: R055 | B86: Yes | C86: Yes | D86: Male | E86: 35-44 | F86: Bachelor/HND | G86: Microfinance bank | H86: Relationship/Marketing | I86: 6-10 | J86: Yes | K86: 2 | L86: Yes | M86: Yes | N86: 3 | O86: 4 | P86: 3 | Q86: 3 | R86: 2 | S86: 2 | T86: 2 | U86: 2 | V86: 2 | W86: 1 | X86: 2 | Y86: 1 | Z86: 3 | AA86: 2 | AB86: 2 | AC86: 2 | AD86: 2 | AE86: 3 | AF86: 2 | AG86: 1 | AH86: 2 | AI86: 3 | AJ86: 3 | AK86: 3 | AL86: 4 | AM86: 3 | AN86: 4 | AO86: 3 | AP86: 4 | AQ86: 3 | AR86: 4 | AS86: 4 | AT86: 4 | AU86: 4 | AV86: 4 | AW86: 4 | AX86: 3 | AY86: 3 | AZ86: 3 | BB86: 3 | BC86: 4 | BD86: 3 | BE86: 2 | BF86: 2 | BG86: 2 | BH86: 3 | BI86: 4 | BJ86: 3 | BK86: 4 | BL86: 3 | BM86: 4 | BN86: 4 | BO86: 3 | BP86: 4 | BQ86: 4 | BR86: 3 | BS86: =IF(COUNT(N86:W86)>=8,AVERAGE(N86:W86),"") | BT86: =IF(COUNT(X86:AE86)>=7,AVERAGE(X86:AE86),"") | BU86: =IF(COUNT(AF86:AM86)>=7,AVERAGE(AF86:AM86),"") | BV86: =IF(COUNT(AN86:AV86)>=8,AVERAGE(AN86:AV86),"") | BW86: =IF(COUNT(AW86:BD86)>=7,AVERAGE(AW86:BD86),"") | BX86: =IF(COUNT(BE86:BJ86)>=5,AVERAGE(BE86:BJ86),"") | BY86: =IF(COUNT(BK86:BR86)>=7,AVERAGE(BK86:BR86),"")
A87: R056 | B87: Yes | C87: Yes | D87: Female | E87: 25-34 | F87: Master's | G87: Commercial bank | H87: Other | I87: 2-5 | J87: Yes | K87: 3 | L87: Yes | M87: Yes | N87: 5 | O87: 4 | P87: 5 | Q87: 4 | R87: 4 | S87: 5 | T87: 3 | U87: 5 | V87: 4 | W87: 4 | X87: 4 | Y87: 3 | Z87: 5 | AA87: 3 | AB87: 4 | AC87: 5 | AD87: 4 | AE87: 4 | AF87: 4 | AG87: 4 | AH87: 2 | AI87: 4 | AJ87: 4 | AK87: 4 | AL87: 3 | AM87: 5 | AN87: 4 | AO87: 4 | AP87: 4 | AQ87: 3 | AR87: 4 | AS87: 4 | AT87: 3 | AU87: 3 | AV87: 3 | AW87: 5 | AX87: 3 | AY87: 4 | AZ87: 4 | BA87: 5 | BB87: 4 | BC87: 5 | BD87: 4 | BE87: 2 | BF87: 3 | BG87: 2 | BH87: 2 | BI87: 2 | BJ87: 3 | BK87: 3 | BL87: 2 | BM87: 3 | BN87: 3 | BO87: 4 | BP87: 4 | BQ87: 4 | BR87: 3 | BS87: =IF(COUNT(N87:W87)>=8,AVERAGE(N87:W87),"") | BT87: =IF(COUNT(X87:AE87)>=7,AVERAGE(X87:AE87),"") | BU87: =IF(COUNT(AF87:AM87)>=7,AVERAGE(AF87:AM87),"") | BV87: =IF(COUNT(AN87:AV87)>=8,AVERAGE(AN87:AV87),"") | BW87: =IF(COUNT(AW87:BD87)>=7,AVERAGE(AW87:BD87),"") | BX87: =IF(COUNT(BE87:BJ87)>=5,AVERAGE(BE87:BJ87),"") | BY87: =IF(COUNT(BK87:BR87)>=7,AVERAGE(BK87:BR87),"")
A88: R057 | B88: Yes | C88: Yes | D88: Male | E88: 35-44 | F88: Diploma/OND/NCE | G88: Commercial bank | H88: Relationship/Marketing | I88: Less than 2 | J88: Yes | K88: 2 | L88: Yes | M88: Yes | N88: 3 | O88: 3 | P88: 3 | Q88: 3 | R88: 3 | S88: 4 | T88: 3 | U88: 3 | V88: 3 | W88: 2 | Y88: 3 | Z88: 4 | AA88: 2 | AB88: 3 | AC88: 3 | AD88: 1 | AE88: 2 | AF88: 3 | AG88: 3 | AH88: 3 | AI88: 4 | AJ88: 2 | AK88: 3 | AL88: 2 | AM88: 4 | AN88: 2 | AO88: 1 | AP88: 2 | AQ88: 1 | AR88: 2 | AS88: 2 | AT88: 1 | AU88: 1 | AV88: 2 | AW88: 2 | AX88: 2 | AY88: 2 | AZ88: 3 | BA88: 2 | BB88: 2 | BC88: 3 | BD88: 2 | BE88: 2 | BF88: 3 | BG88: 2 | BH88: 2 | BI88: 3 | BJ88: 3 | BK88: 2 | BL88: 3 | BM88: 3 | BN88: 2 | BO88: 3 | BP88: 4 | BR88: 2 | BS88: =IF(COUNT(N88:W88)>=8,AVERAGE(N88:W88),"") | BT88: =IF(COUNT(X88:AE88)>=7,AVERAGE(X88:AE88),"") | BU88: =IF(COUNT(AF88:AM88)>=7,AVERAGE(AF88:AM88),"") | BV88: =IF(COUNT(AN88:AV88)>=8,AVERAGE(AN88:AV88),"") | BW88: =IF(COUNT(AW88:BD88)>=7,AVERAGE(AW88:BD88),"") | BX88: =IF(COUNT(BE88:BJ88)>=5,AVERAGE(BE88:BJ88),"") | BY88: =IF(COUNT(BK88:BR88)>=7,AVERAGE(BK88:BR88),"")
A89: R058 | B89: Yes | C89: Yes | D89: Female | E89: 55 or above | F89: Bachelor/HND | G89: Commercial bank | H89: Digital Banking/Product | I89: 16 or more | J89: Yes | K89: 4 | L89: Yes | M89: Yes | N89: 3 | O89: 3 | P89: 3 | Q89: 2 | R89: 1 | S89: 2 | U89: 3 | V89: 2 | W89: 2 | X89: 2 | Y89: 3 | Z89: 3 | AA89: 3 | AB89: 2 | AC89: 4 | AD89: 4 | AE89: 3 | AF89: 2 | AG89: 4 | AH89: 3 | AI89: 4 | AJ89: 2 | AK89: 5 | AL89: 3 | AM89: 3 | AN89: 3 | AO89: 3 | AP89: 3 | AQ89: 2 | AR89: 2 | AS89: 3 | AT89: 3 | AU89: 2 | AV89: 3 | AW89: 4 | AX89: 3 | AY89: 3 | AZ89: 3 | BA89: 5 | BB89: 3 | BC89: 4 | BD89: 4 | BE89: 4 | BF89: 4 | BG89: 4 | BH89: 4 | BI89: 4 | BJ89: 4 | BK89: 4 | BL89: 4 | BM89: 4 | BN89: 3 | BO89: 4 | BP89: 4 | BQ89: 5 | BR89: 3 | BS89: =IF(COUNT(N89:W89)>=8,AVERAGE(N89:W89),"") | BT89: =IF(COUNT(X89:AE89)>=7,AVERAGE(X89:AE89),"") | BU89: =IF(COUNT(AF89:AM89)>=7,AVERAGE(AF89:AM89),"") | BV89: =IF(COUNT(AN89:AV89)>=8,AVERAGE(AN89:AV89),"") | BW89: =IF(COUNT(AW89:BD89)>=7,AVERAGE(AW89:BD89),"") | BX89: =IF(COUNT(BE89:BJ89)>=5,AVERAGE(BE89:BJ89),"") | BY89: =IF(COUNT(BK89:BR89)>=7,AVERAGE(BK89:BR89),"")
A90: R059 | B90: Yes | C90: Yes | D90: Male | E90: 25-34 | F90: Bachelor/HND | G90: Commercial bank | H90: Data/Analytics/AI | I90: 2-5 | J90: Yes | K90: 4 | L90: Yes | M90: Yes | N90: 4 | O90: 3 | P90: 4 | Q90: 4 | R90: 4 | S90: 3 | T90: 3 | U90: 4 | V90: 5 | W90: 3 | X90: 4 | Y90: 2 | Z90: 3 | AA90: 2 | AB90: 4 | AC90: 4 | AD90: 4 | AE90: 4 | AF90: 4 | AG90: 5 | AH90: 5 | AI90: 5 | AJ90: 4 | AK90: 4 | AL90: 4 | AM90: 4 | AN90: 3 | AO90: 2 | AP90: 4 | AQ90: 2 | AR90: 3 | AS90: 2 | AT90: 2 | AU90: 3 | AV90: 4 | AW90: 5 | AX90: 4 | AY90: 4 | AZ90: 4 | BA90: 4 | BB90: 3 | BC90: 5 | BD90: 4 | BE90: 4 | BF90: 5 | BG90: 5 | BH90: 4 | BI90: 5 | BJ90: 4 | BK90: 3 | BL90: 2 | BM90: 2 | BN90: 3 | BO90: 3 | BP90: 1 | BQ90: 4 | BR90: 3 | BS90: =IF(COUNT(N90:W90)>=8,AVERAGE(N90:W90),"") | BT90: =IF(COUNT(X90:AE90)>=7,AVERAGE(X90:AE90),"") | BU90: =IF(COUNT(AF90:AM90)>=7,AVERAGE(AF90:AM90),"") | BV90: =IF(COUNT(AN90:AV90)>=8,AVERAGE(AN90:AV90),"") | BW90: =IF(COUNT(AW90:BD90)>=7,AVERAGE(AW90:BD90),"") | BX90: =IF(COUNT(BE90:BJ90)>=5,AVERAGE(BE90:BJ90),"") | BY90: =IF(COUNT(BK90:BR90)>=7,AVERAGE(BK90:BR90),"")
A91: R060 | B91: Yes | C91: Yes | D91: Male | E91: 45-54 | F91: Bachelor/HND | G91: Commercial bank | H91: Digital Banking/Product | I91: 6-10 | J91: Yes | K91: 4 | L91: Yes | M91: Yes | N91: 3 | O91: 3 | P91: 3 | Q91: 5 | R91: 4 | S91: 3 | T91: 4 | U91: 3 | V91: 4 | W91: 4 | X91: 5 | Y91: 3 | Z91: 5 | AA91: 5 | AB91: 5 | AC91: 5 | AD91: 5 | AE91: 5 | AF91: 5 | AG91: 5 | AH91: 4 | AI91: 5 | AJ91: 3 | AK91: 4 | AL91: 4 | AM91: 3 | AN91: 3 | AO91: 3 | AP91: 3 | AQ91: 2 | AR91: 3 | AS91: 3 | AT91: 4 | AU91: 4 | AV91: 3 | AW91: 5 | AX91: 4 | AY91: 4 | AZ91: 5 | BA91: 4 | BB91: 4 | BC91: 4 | BD91: 4 | BE91: 4 | BF91: 3 | BG91: 2 | BH91: 4 | BI91: 3 | BJ91: 4 | BK91: 2 | BL91: 3 | BM91: 4 | BN91: 3 | BO91: 3 | BP91: 4 | BQ91: 4 | BR91: 3 | BS91: =IF(COUNT(N91:W91)>=8,AVERAGE(N91:W91),"") | BT91: =IF(COUNT(X91:AE91)>=7,AVERAGE(X91:AE91),"") | BU91: =IF(COUNT(AF91:AM91)>=7,AVERAGE(AF91:AM91),"") | BV91: =IF(COUNT(AN91:AV91)>=8,AVERAGE(AN91:AV91),"") | BW91: =IF(COUNT(AW91:BD91)>=7,AVERAGE(AW91:BD91),"") | BX91: =IF(COUNT(BE91:BJ91)>=5,AVERAGE(BE91:BJ91),"") | BY91: =IF(COUNT(BK91:BR91)>=7,AVERAGE(BK91:BR91),"")
A92: R061 | B92: Yes | C92: Yes | D92: Male | E92: 25-34 | F92: Bachelor/HND | G92: Digital bank/neobank | H92: Data/Analytics/AI | I92: 2-5 | J92: Yes | K92: 1 | L92: No | M92: Yes | N92: 4 | O92: 3 | P92: 4 | R92: 3 | S92: 2 | T92: 2 | U92: 3 | V92: 3 | W92: 3 | X92: 4 | Y92: 4 | Z92: 4 | AA92: 2 | AB92: 3 | AC92: 3 | AE92: 3 | AF92: 4 | AG92: 3 | AH92: 4 | AI92: 3 | AJ92: 3 | AK92: 4 | AL92: 3 | AM92: 4 | AN92: 4 | AO92: 3 | AP92: 3 | AQ92: 2 | AR92: 4 | AS92: 4 | AT92: 3 | AU92: 3 | AV92: 4 | AW92: 5 | AX92: 4 | AY92: 5 | AZ92: 4 | BA92: 4 | BB92: 4 | BC92: 4 | BD92: 4 | BE92: 2 | BF92: 3 | BG92: 2 | BH92: 3 | BI92: 4 | BJ92: 3 | BK92: 3 | BL92: 3 | BM92: 4 | BN92: 2 | BO92: 4 | BP92: 3 | BQ92: 2 | BR92: 2 | BS92: =IF(COUNT(N92:W92)>=8,AVERAGE(N92:W92),"") | BT92: =IF(COUNT(X92:AE92)>=7,AVERAGE(X92:AE92),"") | BU92: =IF(COUNT(AF92:AM92)>=7,AVERAGE(AF92:AM92),"") | BV92: =IF(COUNT(AN92:AV92)>=8,AVERAGE(AN92:AV92),"") | BW92: =IF(COUNT(AW92:BD92)>=7,AVERAGE(AW92:BD92),"") | BX92: =IF(COUNT(BE92:BJ92)>=5,AVERAGE(BE92:BJ92),"") | BY92: =IF(COUNT(BK92:BR92)>=7,AVERAGE(BK92:BR92),"")
A93: R062 | B93: Yes | C93: Yes | D93: Female | E93: 25-34 | F93: Bachelor/HND | G93: Commercial bank | H93: Customer Experience/Service | I93: 2-5 | J93: Yes | K93: 1 | L93: Yes | M93: Yes | N93: 2 | O93: 3 | P93: 3 | Q93: 3 | R93: 2 | S93: 4 | T93: 3 | U93: 3 | V93: 3 | W93: 2 | X93: 1 | Y93: 1 | Z93: 1 | AA93: 1 | AB93: 1 | AC93: 1 | AD93: 1 | AE93: 1 | AF93: 1 | AG93: 1 | AH93: 1 | AI93: 2 | AJ93: 1 | AK93: 2 | AL93: 1 | AM93: 1 | AN93: 2 | AO93: 1 | AP93: 1 | AR93: 1 | AS93: 2 | AT93: 1 | AU93: 3 | AV93: 1 | AW93: 1 | AX93: 1 | AY93: 1 | AZ93: 1 | BA93: 1 | BB93: 1 | BC93: 1 | BD93: 1 | BE93: 3 | BF93: 1 | BG93: 1 | BH93: 1 | BI93: 1 | BJ93: 1 | BK93: 4 | BL93: 3 | BM93: 4 | BN93: 4 | BO93: 3 | BP93: 3 | BQ93: 4 | BR93: 3 | BS93: =IF(COUNT(N93:W93)>=8,AVERAGE(N93:W93),"") | BT93: =IF(COUNT(X93:AE93)>=7,AVERAGE(X93:AE93),"") | BU93: =IF(COUNT(AF93:AM93)>=7,AVERAGE(AF93:AM93),"") | BV93: =IF(COUNT(AN93:AV93)>=8,AVERAGE(AN93:AV93),"") | BW93: =IF(COUNT(AW93:BD93)>=7,AVERAGE(AW93:BD93),"") | BX93: =IF(COUNT(BE93:BJ93)>=5,AVERAGE(BE93:BJ93),"") | BY93: =IF(COUNT(BK93:BR93)>=7,AVERAGE(BK93:BR93),"")
A94: R063 | B94: Yes | C94: Yes | D94: Female | E94: 35-44 | F94: Bachelor/HND | G94: Microfinance bank | H94: Customer Experience/Service | I94: 2-5 | J94: Yes | K94: 2 | L94: Yes | M94: Yes | N94: 3 | O94: 2 | P94: 4 | Q94: 2 | R94: 2 | S94: 4 | T94: 4 | U94: 4 | V94: 3 | W94: 3 | X94: 3 | Y94: 3 | Z94: 4 | AA94: 3 | AB94: 2 | AC94: 5 | AD94: 4 | AE94: 4 | AF94: 2 | AG94: 3 | AH94: 3 | AI94: 4 | AJ94: 3 | AK94: 4 | AL94: 3 | AM94: 3 | AN94: 4 | AO94: 4 | AP94: 3 | AQ94: 3 | AR94: 3 | AS94: 3 | AT94: 4 | AU94: 4 | AV94: 4 | AW94: 4 | AX94: 3 | AY94: 3 | AZ94: 3 | BA94: 3 | BB94: 4 | BC94: 4 | BD94: 3 | BE94: 2 | BF94: 4 | BG94: 2 | BH94: 4 | BI94: 3 | BJ94: 2 | BK94: 2 | BL94: 2 | BM94: 2 | BN94: 3 | BO94: 3 | BP94: 3 | BR94: 3 | BS94: =IF(COUNT(N94:W94)>=8,AVERAGE(N94:W94),"") | BT94: =IF(COUNT(X94:AE94)>=7,AVERAGE(X94:AE94),"") | BU94: =IF(COUNT(AF94:AM94)>=7,AVERAGE(AF94:AM94),"") | BV94: =IF(COUNT(AN94:AV94)>=8,AVERAGE(AN94:AV94),"") | BW94: =IF(COUNT(AW94:BD94)>=7,AVERAGE(AW94:BD94),"") | BX94: =IF(COUNT(BE94:BJ94)>=5,AVERAGE(BE94:BJ94),"") | BY94: =IF(COUNT(BK94:BR94)>=7,AVERAGE(BK94:BR94),"")
A95: R064 | B95: Yes | C95: Yes | D95: Male | E95: 35-44 | F95: Master's | G95: Insurance/investment/other licensed financial institution | H95: Customer Experience/Service | I95: 16 or more | J95: Yes | K95: 2 | L95: Do not know | M95: Yes | N95: 1 | O95: 2 | P95: 1 | Q95: 1 | R95: 1 | S95: 2 | T95: 2 | U95: 1 | V95: 1 | W95: 1 | X95: 4 | Y95: 3 | Z95: 3 | AA95: 4 | AB95: 4 | AC95: 4 | AD95: 3 | AE95: 3 | AF95: 2 | AH95: 3 | AI95: 4 | AJ95: 2 | AK95: 3 | AL95: 4 | AM95: 3 | AN95: 2 | AO95: 3 | AP95: 2 | AQ95: 2 | AR95: 3 | AS95: 2 | AT95: 2 | AU95: 2 | AV95: 3 | AW95: 4 | AX95: 2 | AY95: 3 | AZ95: 2 | BA95: 4 | BB95: 2 | BC95: 2 | BD95: 3 | BE95: 2 | BF95: 3 | BG95: 2 | BH95: 3 | BI95: 4 | BJ95: 2 | BK95: 3 | BL95: 2 | BM95: 3 | BN95: 3 | BO95: 4 | BP95: 3 | BQ95: 3 | BR95: 2 | BS95: =IF(COUNT(N95:W95)>=8,AVERAGE(N95:W95),"") | BT95: =IF(COUNT(X95:AE95)>=7,AVERAGE(X95:AE95),"") | BU95: =IF(COUNT(AF95:AM95)>=7,AVERAGE(AF95:AM95),"") | BV95: =IF(COUNT(AN95:AV95)>=8,AVERAGE(AN95:AV95),"") | BW95: =IF(COUNT(AW95:BD95)>=7,AVERAGE(AW95:BD95),"") | BX95: =IF(COUNT(BE95:BJ95)>=5,AVERAGE(BE95:BJ95),"") | BY95: =IF(COUNT(BK95:BR95)>=7,AVERAGE(BK95:BR95),"")
A96: R065 | B96: Yes | C96: Yes | D96: Female | E96: 35-44 | F96: Diploma/OND/NCE | G96: Commercial bank | H96: IT/Technology | I96: 2-5 | J96: Yes | K96: 1 | L96: No | M96: Yes | N96: 3 | O96: 3 | P96: 5 | Q96: 4 | R96: 4 | S96: 4 | T96: 3 | U96: 4 | W96: 2 | X96: 3 | Y96: 2 | Z96: 4 | AA96: 2 | AB96: 4 | AC96: 4 | AD96: 3 | AE96: 3 | AF96: 2 | AG96: 3 | AH96: 3 | AI96: 3 | AJ96: 4 | AK96: 3 | AL96: 3 | AM96: 3 | AN96: 4 | AO96: 3 | AP96: 3 | AQ96: 3 | AR96: 3 | AS96: 2 | AT96: 4 | AU96: 3 | AV96: 3 | AW96: 2 | AX96: 3 | AY96: 3 | AZ96: 3 | BA96: 3 | BB96: 3 | BC96: 4 | BD96: 2 | BE96: 2 | BF96: 3 | BG96: 2 | BH96: 2 | BI96: 3 | BJ96: 2 | BK96: 5 | BL96: 4 | BN96: 4 | BO96: 3 | BP96: 2 | BQ96: 4 | BR96: 3 | BS96: =IF(COUNT(N96:W96)>=8,AVERAGE(N96:W96),"") | BT96: =IF(COUNT(X96:AE96)>=7,AVERAGE(X96:AE96),"") | BU96: =IF(COUNT(AF96:AM96)>=7,AVERAGE(AF96:AM96),"") | BV96: =IF(COUNT(AN96:AV96)>=8,AVERAGE(AN96:AV96),"") | BW96: =IF(COUNT(AW96:BD96)>=7,AVERAGE(AW96:BD96),"") | BX96: =IF(COUNT(BE96:BJ96)>=5,AVERAGE(BE96:BJ96),"") | BY96: =IF(COUNT(BK96:BR96)>=7,AVERAGE(BK96:BR96),"")
A97: R066 | B97: Yes | C97: Yes | D97: Female | E97: 35-44 | F97: Master's | G97: Fintech/payment provider | H97: IT/Technology | I97: 6-10 | J97: Yes | K97: 1 | L97: No | M97: Yes | N97: 1 | O97: 2 | P97: 3 | Q97: 1 | R97: 1 | S97: 2 | T97: 2 | U97: 2 | V97: 2 | W97: 2 | X97: 5 | Y97: 4 | Z97: 4 | AA97: 3 | AB97: 3 | AC97: 3 | AD97: 3 | AE97: 3 | AF97: 2 | AG97: 3 | AH97: 3 | AI97: 4 | AJ97: 2 | AK97: 3 | AL97: 2 | AM97: 3 | AN97: 5 | AO97: 4 | AP97: 4 | AQ97: 5 | AR97: 4 | AS97: 4 | AT97: 3 | AU97: 3 | AV97: 3 | AW97: 4 | AY97: 4 | AZ97: 3 | BA97: 3 | BB97: 3 | BC97: 4 | BD97: 3 | BE97: 2 | BF97: 4 | BG97: 2 | BH97: 4 | BI97: 2 | BJ97: 2 | BK97: 2 | BL97: 3 | BM97: 3 | BN97: 3 | BO97: 3 | BP97: 5 | BQ97: 4 | BS97: =IF(COUNT(N97:W97)>=8,AVERAGE(N97:W97),"") | BT97: =IF(COUNT(X97:AE97)>=7,AVERAGE(X97:AE97),"") | BU97: =IF(COUNT(AF97:AM97)>=7,AVERAGE(AF97:AM97),"") | BV97: =IF(COUNT(AN97:AV97)>=8,AVERAGE(AN97:AV97),"") | BW97: =IF(COUNT(AW97:BD97)>=7,AVERAGE(AW97:BD97),"") | BX97: =IF(COUNT(BE97:BJ97)>=5,AVERAGE(BE97:BJ97),"") | BY97: =IF(COUNT(BK97:BR97)>=7,AVERAGE(BK97:BR97),"")
A98: R067 | B98: Yes | C98: Yes | D98: Male | E98: 45-54 | F98: Master's | G98: Commercial bank | H98: Other | I98: 6-10 | J98: Yes | K98: 1 | L98: No | M98: Yes | N98: 3 | O98: 3 | P98: 4 | Q98: 3 | R98: 3 | S98: 3 | T98: 2 | U98: 4 | W98: 3 | X98: 4 | Y98: 3 | Z98: 4 | AA98: 3 | AB98: 4 | AC98: 3 | AD98: 4 | AE98: 4 | AF98: 3 | AG98: 3 | AH98: 3 | AI98: 4 | AJ98: 5 | AK98: 3 | AM98: 5 | AN98: 2 | AO98: 3 | AP98: 2 | AQ98: 3 | AR98: 3 | AS98: 4 | AT98: 2 | AU98: 2 | AV98: 2 | AW98: 3 | AX98: 4 | AY98: 3 | AZ98: 3 | BA98: 4 | BB98: 3 | BC98: 3 | BD98: 3 | BE98: 4 | BF98: 4 | BG98: 2 | BH98: 4 | BI98: 3 | BJ98: 2 | BK98: 4 | BL98: 3 | BM98: 4 | BN98: 4 | BO98: 4 | BP98: 3 | BQ98: 3 | BR98: 3 | BS98: =IF(COUNT(N98:W98)>=8,AVERAGE(N98:W98),"") | BT98: =IF(COUNT(X98:AE98)>=7,AVERAGE(X98:AE98),"") | BU98: =IF(COUNT(AF98:AM98)>=7,AVERAGE(AF98:AM98),"") | BV98: =IF(COUNT(AN98:AV98)>=8,AVERAGE(AN98:AV98),"") | BW98: =IF(COUNT(AW98:BD98)>=7,AVERAGE(AW98:BD98),"") | BX98: =IF(COUNT(BE98:BJ98)>=5,AVERAGE(BE98:BJ98),"") | BY98: =IF(COUNT(BK98:BR98)>=7,AVERAGE(BK98:BR98),"")
A99: R068 | B99: Yes | C99: Yes | D99: Male | E99: 35-44 | F99: Master's | G99: Commercial bank | H99: Customer Experience/Service | I99: 6-10 | J99: Yes | K99: 2 | L99: No | M99: Yes | N99: 2 | O99: 2 | P99: 3 | Q99: 3 | R99: 2 | S99: 3 | T99: 1 | U99: 3 | V99: 2 | X99: 3 | Y99: 3 | Z99: 3 | AA99: 2 | AB99: 2 | AC99: 3 | AD99: 3 | AE99: 3 | AF99: 5 | AG99: 4 | AH99: 4 | AI99: 4 | AJ99: 2 | AK99: 3 | AL99: 4 | AM99: 2 | AN99: 3 | AO99: 1 | AP99: 2 | AQ99: 1 | AR99: 4 | AS99: 2 | AT99: 3 | AU99: 2 | AV99: 4 | AW99: 2 | AX99: 3 | AY99: 3 | AZ99: 2 | BA99: 3 | BB99: 1 | BC99: 3 | BD99: 2 | BE99: 3 | BF99: 3 | BH99: 4 | BI99: 3 | BJ99: 4 | BK99: 3 | BL99: 1 | BM99: 3 | BN99: 2 | BO99: 3 | BP99: 2 | BQ99: 4 | BR99: 1 | BS99: =IF(COUNT(N99:W99)>=8,AVERAGE(N99:W99),"") | BT99: =IF(COUNT(X99:AE99)>=7,AVERAGE(X99:AE99),"") | BU99: =IF(COUNT(AF99:AM99)>=7,AVERAGE(AF99:AM99),"") | BV99: =IF(COUNT(AN99:AV99)>=8,AVERAGE(AN99:AV99),"") | BW99: =IF(COUNT(AW99:BD99)>=7,AVERAGE(AW99:BD99),"") | BX99: =IF(COUNT(BE99:BJ99)>=5,AVERAGE(BE99:BJ99),"") | BY99: =IF(COUNT(BK99:BR99)>=7,AVERAGE(BK99:BR99),"")
A100: R069 | B100: Yes | C100: Yes | D100: Male | E100: 18-24 | F100: Master's | G100: Commercial bank | H100: Data/Analytics/AI | I100: 11-15 | J100: Yes | K100: 1 | L100: Yes | M100: Yes | N100: 4 | O100: 3 | P100: 5 | Q100: 4 | R100: 3 | S100: 4 | T100: 3 | U100: 5 | V100: 4 | W100: 4 | X100: 4 | Y100: 3 | Z100: 4 | AA100: 3 | AB100: 4 | AC100: 3 | AD100: 3 | AE100: 3 | AH100: 4 | AI100: 3 | AJ100: 4 | AK100: 3 | AL100: 3 | AM100: 2 | AN100: 5 | AO100: 3 | AP100: 4 | AQ100: 3 | AR100: 4 | AS100: 4 | AT100: 4 | AU100: 5 | AV100: 4 | AW100: 5 | AX100: 4 | AY100: 2 | AZ100: 4 | BA100: 5 | BB100: 2 | BC100: 3 | BD100: 5 | BE100: 3 | BF100: 3 | BG100: 3 | BH100: 3 | BI100: 3 | BJ100: 3 | BK100: 2 | BL100: 1 | BM100: 3 | BN100: 2 | BO100: 3 | BP100: 3 | BQ100: 3 | BR100: 1 | BS100: =IF(COUNT(N100:W100)>=8,AVERAGE(N100:W100),"") | BT100: =IF(COUNT(X100:AE100)>=7,AVERAGE(X100:AE100),"") | BU100: =IF(COUNT(AF100:AM100)>=7,AVERAGE(AF100:AM100),"") | BV100: =IF(COUNT(AN100:AV100)>=8,AVERAGE(AN100:AV100),"") | BW100: =IF(COUNT(AW100:BD100)>=7,AVERAGE(AW100:BD100),"") | BX100: =IF(COUNT(BE100:BJ100)>=5,AVERAGE(BE100:BJ100),"") | BY100: =IF(COUNT(BK100:BR100)>=7,AVERAGE(BK100:BR100),"")
...

Sheet Response_Tracker
A1: RESPONSE COLLECTION TRACKER
A3: Metric | B3: Value | D3: AI Maturity Group | E3: Code | F3: Valid N
A4: Main sample target | B4: 420 | D4: None | E4: 0 | F4: =COUNTIFS(Raw_Data!$B$2:$B$501,"Yes",Raw_Data!$K$2:$K$501,E4)
A5: Pilot target | B5: 30 | D5: Exploratory/pilot | E5: 1 | F5: =COUNTIFS(Raw_Data!$B$2:$B$501,"Yes",Raw_Data!$K$2:$K$501,E5)
A6: Records entered | B6: =COUNTIF(Raw_Data!C2:C501,"<>") | D6: Limited deployment | E6: 2 | F6: =COUNTIFS(Raw_Data!$B$2:$B$501,"Yes",Raw_Data!$K$2:$K$501,E6)
A7: Marked valid | B7: =COUNTIF(Raw_Data!B2:B501,"Yes") | D7: Established multi-use-case | E7: 3 | F7: =COUNTIFS(Raw_Data!$B$2:$B$501,"Yes",Raw_Data!$K$2:$K$501,E7)
A8: Remaining to target | B8: =MAX(B4-B7,0) | D8: Advanced/enterprise-wide | E8: 4 | F8: =COUNTIFS(Raw_Data!$B$2:$B$501,"Yes",Raw_Data!$K$2:$K$501,E8)
A9: Completion % | B9: =IF(B4=0,0,B7/B4)
A10: Last updated | B10: 46277.594

Sheet Analysis_Map
A1: Objective | B1: Research Question | C1: Variables | D1: Analysis | E1: Hypothesis | F1: Expected Output
A2: 1 | B2: What factors influence customer churn? | C2: CHD1-CHD10; CHD_Mean | D2: Frequencies, %, mean, SD; rank items by mean | E2: No formal hypothesis | F2: Ranked churn determinants
A3: 2 | B3: How can AI be applied to churn prediction? | C3: AIA1-AIA8; PAC1-PAC8 | D3: Descriptives + Pearson AIA_Mean vs PAC_Mean | E3: H01 | F3: Correlation table + interpretation
A4: 3 | B4: Which AI techniques are most suitable? | C4: MLU1-MLU9 | D4: Descriptives; rank by mean | E4: No formal hypothesis | F4: Technique suitability table
A5: 4 | B5: How effective are AI-driven models in reducing attrition? | C5: PAC; CRE; A8 | D5: Descriptives + one-way ANOVA | E5: H03 | F5: Group means, Levene, ANOVA, effect size/post-hoc
A6: 5 | B6: How do AI insights contribute to retention optimization? | C6: AIA; PAC; MLU; RSO | D6: Multiple regression | E6: H02 | F6: Model summary, ANOVA, coefficient table
A7: 6 | B7: What framework supports implementation? | C7: IMP1-IMP8 + interview themes | D7: Descriptive + thematic + mixed-method synthesis | E7: Framework objective | F7: Implementation framework / joint display

Sheet Pilot_Reliability
A1: Construct | B1: Item Codes | C1: No. Items | D1: Observed Cronbach Alpha | E1: Threshold | F1: Decision
A2: CHD | B2: CHD1-CHD10 | C2: 10 | D2: 0.93 | E2: 0.7 | F2: Accept (alpha>=0.70, SYNTHETIC)
A3: AIA | B3: AIA1-AIA8 | C3: 8 | D3: 0.912 | E3: 0.7 | F3: Accept (alpha>=0.70, SYNTHETIC)
A4: PAC | B4: PAC1-PAC8 | C4: 8 | D4: 0.864 | E4: 0.7 | F4: Accept (alpha>=0.70, SYNTHETIC)
A5: MLU | B5: MLU1-MLU9 | C5: 9 | D5: 0.931 | E5: 0.7 | F5: Accept (alpha>=0.70, SYNTHETIC)
A6: RSO | B6: RSO1-RSO8 | C6: 8 | D6: 0.93 | E6: 0.7 | F6: Accept (alpha>=0.70, SYNTHETIC)
A7: CRE | B7: CRE1-CRE6 | C7: 6 | D7: 0.852 | E7: 0.7 | F7: Accept (alpha>=0.70, SYNTHETIC)
A8: IMP | B8: IMP1-IMP8 | C8: 8 | D8: 0.846 | E8: 0.7 | F8: Accept (alpha>=0.70, SYNTHETIC)
A10: Pilot rule
A11: Use approximately 30 eligible professionals outside the main study area. Do not combine pilot responses with the main sample.
A12: Review alpha together with item-total statistics and conceptual coverage; do not delete an item only to raise alpha.
A13: Freeze wording after supervisor approval before main data collection.

Sheet Interview_Coding
A1: Participant_ID | B1: Role | C1: Interview_Date | D1: Question_Code | E1: Initial_Code | F1: Candidate_Theme | G1: Final_Theme | H1: Supporting_Quote | I1: Quant_Finding_Link | J1: Integration_Type | K1: Analyst_Note
A2: P01 | B2: Digital Banking Manager | C2: 2026-07-19 | D2: IQ1 | E2: IQ1: churn drivers observed in practice - service improvement noted | F2: Service improvement | G2: Service improvement | H2: "Measure saved relationships, not just model AUC." [SYNTHETIC] | I2: Direct churn-reduction M=2.94 | J2: Complements | K2: SYNTHETIC demo coding for methods illustration.
A3: P01 | B3: Digital Banking Manager | C3: 2026-07-21 | D3: IQ2 | E3: IQ2: silent churn / multi-banking signs - enterprise ownership noted | F3: Enterprise ownership | G3: Enterprise ownership | H3: "RACI and a weekly review beat another model tweak." [SYNTHETIC] | I3: Cross-functional ownership M=3.42 | J3: Converges | K3: SYNTHETIC demo coding for methods illustration.
A4: P01 | B4: Digital Banking Manager | C4: 2026-07-02 | D4: IQ3 | E4: IQ3: AI use for behavioural monitoring - enterprise ownership noted | F4: Enterprise ownership | G4: Enterprise ownership | H4: "Retention fails when it belongs to nobody; it needs business, data, tech and CX at one table." [SYNTHETIC] | I4: Cross-functional ownership M=3.42 | J4: Converges | K4: SYNTHETIC demo coding for methods illustration.
A5: P01 | B5: Digital Banking Manager | C5: 2026-07-24 | D5: IQ4 | E5: IQ4: risk scoring and early warning - early warning noted | F5: Early warning | G5: Early warning | H5: "The model can identify a customer who is likely to leave, but if the bank does nothing with that information, the prediction has no commercial value." [P03 seed paraphrase - SYNTHETIC] [SYNTHETIC] | I5: Risk scoring M=3.38 | J5: Converges | K5: SYNTHETIC demo coding for methods illustration.
A6: P01 | B6: Digital Banking Manager | C6: 2026-07-14 | D6: IQ5 | E6: IQ5: explainability and reason codes - service improvement noted | F6: Service improvement | G6: Service improvement | H6: "No model compensates for persistent downtime - fix service, then optimize offers." [SYNTHETIC] | I6: Direct churn-reduction M=2.94 | J6: Complements | K6: SYNTHETIC demo coding for methods illustration.
A7: P01 | B7: Digital Banking Manager | C7: 2026-07-22 | D7: IQ6 | E7: IQ6: retention targeting and prioritization - enterprise ownership noted | F7: Enterprise ownership | G7: Enterprise ownership | H7: "Retention fails when it belongs to nobody; it needs business, data, tech and CX at one table." [SYNTHETIC] | I7: Cross-functional ownership M=3.42 | J7: Converges | K7: SYNTHETIC demo coding for methods illustration.
A8: P01 | B8: Digital Banking Manager | C8: 2026-07-23 | D8: IQ7 | E8: IQ7: treatment selection and timing - trust noted | F8: Trust | G8: Trust | H8: "Once trust drops after a fraud scare, activity migrates quietly." [SYNTHETIC] | I8: Trust M=3.35 | J8: Converges | K8: SYNTHETIC demo coding for methods illustration.
A9: P01 | B9: Digital Banking Manager | C9: 2026-07-08 | D9: IQ8 | E9: IQ8: human oversight and accountability - early warning noted | F9: Early warning | G9: Early warning | H9: "The model can identify a customer who is likely to leave, but if the bank does nothing with that information, the prediction has no commercial value." [P03 seed paraphrase - SYNTHETIC] [SYNTHETIC] | I9: Risk scoring M=3.38 | J9: Converges | K9: SYNTHETIC demo coding for methods illustration.
A10: P01 | B10: Digital Banking Manager | C10: 2026-07-27 | D10: IQ9 | E10: IQ9: data integration and quality - human oversight noted | F10: Human oversight | G10: Human oversight | H10: "The data team can build the model, but they cannot be responsible for the entire retention outcome. The business has to own the outcome." [P04 seed paraphrase - SYNTHETIC] [SYNTHETIC] | I10: Human oversight M=3.18 | J10: Converges | K10: SYNTHETIC demo coding for methods illustration.
A11: P01 | B11: Digital Banking Manager | C11: 2026-07-14 | D11: IQ10 | E11: IQ10: cross-functional ownership - operational action noted | F11: Operational action | G11: Operational action | H11: "Scores sitting in a dashboard change nothing; someone must own the next action." [SYNTHETIC] | I11: AI insight integration M=2.58 | J11: Complements | K11: SYNTHETIC demo coding for methods illustration.
A12: P01 | B12: Digital Banking Manager | C12: 2026-07-14 | D12: IQ11 | E12: IQ11: governance, NDPA compliance, fairness - targeting noted | F12: Targeting | G12: Targeting | H12: "Treat everyone the same and you waste budget and annoy customers." [SYNTHETIC] | I12: Risk plus value M=3.40 | J12: Converges | K12: SYNTHETIC demo coding for methods illustration.
... A73: P06 | B73: Product Manager | C73: 2026-07-16 | D73: IQ12 | E73: IQ12: what would prove value (pilot/metrics) - early warning noted | F73: Early warning | G73: Early warning | H73: "The model can identify a customer who is likely to leave, but if the bank does nothing with that information, the prediction has no commercial value." [P03 seed paraphrase - SYNTHETIC] [SYNTHETIC] | I73: Risk scoring M=3.38 | J73: Converges | K73: SYNTHETIC demo coding for methods illustration.

Sheet Google_Forms_Build
A1: Form Section | B1: Code | C1: Question / Statement | D1: Question Type | E1: Options / Scale | F1: Required? | G1: Notes
A2: Opening | B2: Consent | C2: I have read the participant information and voluntarily agree to participate. | D2: Multiple choice | E2: Yes; No | F2: Yes | G2: Branch No to end form
A3: Section A | B3: A1 | C3: Gender (optional) | D3: Multiple choice | E3: Male; Female; Prefer not to say; Other | F3: No | G3: A1 optional
A4: Section A | B4: A2 | C4: Age group | D4: Multiple choice | E4: 18-24; 25-34; 35-44; 45-54; 55 or above | F4: No | G4: A1 optional
A5: Section A | B5: A3 | C5: Highest qualification | D5: Multiple choice | E5: Diploma/OND/NCE; Bachelor/HND; Postgraduate Diploma; Master's; Doctorate; Other | F5: No | G5: A1 optional
A6: Section A | B6: A4 | C6: Type of institution | D6: Multiple choice | E6: Commercial bank; Digital bank/neobank; Merchant bank; Microfinance bank; Fintech/payment provider; Insurance/investment/other licensed financial institution | F6: No | G6: A1 optional
A7: Section A | B7: A5 | C7: Current functional role | D7: Multiple choice | E7: Digital Banking/Product; Data/Analytics/AI; IT/Technology; Customer Experience/Service; Relationship/Marketing; Risk/Compliance; Management/Strategy; Other | F7: No | G7: A1 optional
A8: Section A | B8: A6 | C8: Years of professional experience | D8: Multiple choice | E8: Less than 2; 2-5; 6-10; 11-15; 16 or more | F8: No | G8: A1 optional
A9: Section A | B9: A7 | C9: Direct involvement with digital banking, AI, analytics, customer experience or retention | D9: Multiple choice | E9: Yes; No | F9: Yes | G9: A1 optional
A10: Section A | B10: A8 | C10: AI adoption maturity for customer analytics/retention | D10: Multiple choice | E10: 0=None; 1=Exploratory/pilot; 2=Limited deployment; 3=Established multi-use-case; 4=Advanced/enterprise-wide | F10: Yes | G10: A1 optional
A11: Section A | B11: A9 | C11: Institution currently uses predictive model/advanced analytics for churn risk | D11: Multiple choice | E11: Yes; No; Do not know | F11: Yes | G11: A1 optional
A12: Section A | B12: A10 | C12: Primary work location / responding unit is within Eti-Osa LGA | D12: Multiple choice | E12: Yes; No | F12: Yes | G12: A1 optional
... A69: Section F3 | B69: IMP8 | C69: Accurate churn prediction will have limited retention value if underlying service-quality problems are not corrected. | D69: Linear scale / grid | E69: 1=Strongly Disagree ... 5=Strongly Agree | F69: Yes | G69: Keep one response per row
